customer_id,churn_probability,churn_risk
CUST_00001,1.0,Critical
CUST_01753,1.0,Critical
CUST_01740,1.0,Critical
CUST_01742,1.0,Critical
CUST_01743,1.0,Critical
CUST_01745,1.0,Critical
CUST_01750,1.0,Critical
CUST_01751,1.0,Critical
CUST_01754,1.0,Critical
CUST_01822,1.0,Critical
CUST_01755,1.0,Critical
CUST_01757,1.0,Critical
CUST_01758,1.0,Critical
CUST_01760,1.0,Critical
CUST_01762,1.0,Critical
CUST_01763,1.0,Critical
CUST_01739,1.0,Critical
CUST_01737,1.0,Critical
CUST_01736,1.0,Critical
CUST_01732,1.0,Critical
CUST_01730,1.0,Critical
CUST_01728,1.0,Critical
CUST_01727,1.0,Critical
CUST_01726,1.0,Critical
CUST_01724,1.0,Critical
CUST_01722,1.0,Critical
CUST_01720,1.0,Critical
CUST_01719,1.0,Critical
CUST_01718,1.0,Critical
CUST_01715,1.0,Critical
CUST_01713,1.0,Critical
CUST_01709,1.0,Critical
CUST_01708,1.0,Critical
CUST_01765,1.0,Critical
CUST_01768,1.0,Critical
CUST_01769,1.0,Critical
CUST_01797,1.0,Critical
CUST_01818,1.0,Critical
CUST_01816,1.0,Critical
CUST_01814,1.0,Critical
CUST_01813,1.0,Critical
CUST_01811,1.0,Critical
CUST_01810,1.0,Critical
CUST_01809,1.0,Critical
CUST_01807,1.0,Critical
CUST_01805,1.0,Critical
CUST_01803,1.0,Critical
CUST_01802,1.0,Critical
CUST_01801,1.0,Critical
CUST_01800,1.0,Critical
CUST_01799,1.0,Critical
CUST_01796,1.0,Critical
CUST_01770,1.0,Critical
CUST_01795,1.0,Critical
CUST_01794,1.0,Critical
CUST_01792,1.0,Critical
CUST_01791,1.0,Critical
CUST_01789,1.0,Critical
CUST_01787,1.0,Critical
CUST_01785,1.0,Critical
CUST_01784,1.0,Critical
CUST_01783,1.0,Critical
CUST_01779,1.0,Critical
CUST_01778,1.0,Critical
CUST_01777,1.0,Critical
CUST_01775,1.0,Critical
CUST_01773,1.0,Critical
CUST_01707,1.0,Critical
CUST_01705,1.0,Critical
CUST_01704,1.0,Critical
CUST_01612,1.0,Critical
CUST_01635,1.0,Critical
CUST_01634,1.0,Critical
CUST_01633,1.0,Critical
CUST_01632,1.0,Critical
CUST_01631,1.0,Critical
CUST_01628,1.0,Critical
CUST_01627,1.0,Critical
CUST_01622,1.0,Critical
CUST_01618,1.0,Critical
CUST_01617,1.0,Critical
CUST_01616,1.0,Critical
CUST_01615,1.0,Critical
CUST_01614,1.0,Critical
CUST_01613,1.0,Critical
CUST_01609,1.0,Critical
CUST_01637,1.0,Critical
CUST_01608,1.0,Critical
CUST_01606,1.0,Critical
CUST_01603,1.0,Critical
CUST_01598,1.0,Critical
CUST_01595,1.0,Critical
CUST_01594,1.0,Critical
CUST_01593,1.0,Critical
CUST_01591,1.0,Critical
CUST_01589,1.0,Critical
CUST_01587,1.0,Critical
CUST_01586,1.0,Critical
CUST_01585,1.0,Critical
CUST_01584,1.0,Critical
CUST_01582,1.0,Critical
CUST_01636,1.0,Critical
CUST_01643,1.0,Critical
CUST_01700,1.0,Critical
CUST_01672,1.0,Critical
CUST_01699,1.0,Critical
CUST_01695,1.0,Critical
CUST_01692,1.0,Critical
CUST_01689,1.0,Critical
CUST_01688,1.0,Critical
CUST_01686,1.0,Critical
CUST_01685,1.0,Critical
CUST_01684,1.0,Critical
CUST_01681,1.0,Critical
CUST_01680,1.0,Critical
CUST_01679,1.0,Critical
CUST_01676,1.0,Critical
CUST_01674,1.0,Critical
CUST_01673,1.0,Critical
CUST_01671,1.0,Critical
CUST_01644,1.0,Critical
CUST_01669,1.0,Critical
CUST_01667,1.0,Critical
CUST_01665,1.0,Critical
CUST_01663,1.0,Critical
CUST_01662,1.0,Critical
CUST_01660,1.0,Critical
CUST_01658,1.0,Critical
CUST_01655,1.0,Critical
CUST_01654,1.0,Critical
CUST_01653,1.0,Critical
CUST_01652,1.0,Critical
CUST_01651,1.0,Critical
CUST_01647,1.0,Critical
CUST_01646,1.0,Critical
CUST_01819,1.0,Critical
CUST_01824,1.0,Critical
CUST_02065,1.0,Critical
CUST_02001,1.0,Critical
CUST_01990,1.0,Critical
CUST_01993,1.0,Critical
CUST_01994,1.0,Critical
CUST_01995,1.0,Critical
CUST_01996,1.0,Critical
CUST_01998,1.0,Critical
CUST_02002,1.0,Critical
CUST_01826,1.0,Critical
CUST_02004,1.0,Critical
CUST_02005,1.0,Critical
CUST_02009,1.0,Critical
CUST_02010,1.0,Critical
CUST_02011,1.0,Critical
CUST_02012,1.0,Critical
CUST_01988,1.0,Critical
CUST_01987,1.0,Critical
CUST_01986,1.0,Critical
CUST_01985,1.0,Critical
CUST_01984,1.0,Critical
CUST_01983,1.0,Critical
CUST_01982,1.0,Critical
CUST_01981,1.0,Critical
CUST_01980,1.0,Critical
CUST_01978,1.0,Critical
CUST_01977,1.0,Critical
CUST_01976,1.0,Critical
CUST_01974,1.0,Critical
CUST_01968,1.0,Critical
CUST_01966,1.0,Critical
CUST_01965,1.0,Critical
CUST_01956,1.0,Critical
CUST_02014,1.0,Critical
CUST_02016,1.0,Critical
CUST_02017,1.0,Critical
CUST_02042,1.0,Critical
CUST_02061,1.0,Critical
CUST_02060,1.0,Critical
CUST_02059,1.0,Critical
CUST_02057,1.0,Critical
CUST_02056,1.0,Critical
CUST_02055,1.0,Critical
CUST_02053,1.0,Critical
CUST_02051,1.0,Critical
CUST_02050,1.0,Critical
CUST_02049,1.0,Critical
CUST_02048,1.0,Critical
CUST_02046,1.0,Critical
CUST_02045,1.0,Critical
CUST_02044,1.0,Critical
CUST_02041,1.0,Critical
CUST_02018,1.0,Critical
CUST_02040,1.0,Critical
CUST_02039,1.0,Critical
CUST_02038,1.0,Critical
CUST_02036,1.0,Critical
CUST_02035,1.0,Critical
CUST_02031,1.0,Critical
CUST_02028,1.0,Critical
CUST_02027,1.0,Critical
CUST_02026,1.0,Critical
CUST_02025,1.0,Critical
CUST_02024,1.0,Critical
CUST_02022,1.0,Critical
CUST_02021,1.0,Critical
CUST_02020,1.0,Critical
CUST_01955,1.0,Critical
CUST_01951,1.0,Critical
CUST_01950,1.0,Critical
CUST_01854,1.0,Critical
CUST_01881,1.0,Critical
CUST_01878,1.0,Critical
CUST_01876,1.0,Critical
CUST_01874,1.0,Critical
CUST_01873,1.0,Critical
CUST_01869,1.0,Critical
CUST_01867,1.0,Critical
CUST_01865,1.0,Critical
CUST_01863,1.0,Critical
CUST_01860,1.0,Critical
CUST_01859,1.0,Critical
CUST_01858,1.0,Critical
CUST_01856,1.0,Critical
CUST_01855,1.0,Critical
CUST_01852,1.0,Critical
CUST_01884,1.0,Critical
CUST_01849,1.0,Critical
CUST_01848,1.0,Critical
CUST_01846,1.0,Critical
CUST_01844,1.0,Critical
CUST_01842,1.0,Critical
CUST_01839,1.0,Critical
CUST_01838,1.0,Critical
CUST_01836,1.0,Critical
CUST_01832,1.0,Critical
CUST_01831,1.0,Critical
CUST_01830,1.0,Critical
CUST_01829,1.0,Critical
CUST_01828,1.0,Critical
CUST_01827,1.0,Critical
CUST_01882,1.0,Critical
CUST_01886,1.0,Critical
CUST_01947,1.0,Critical
CUST_01922,1.0,Critical
CUST_01946,1.0,Critical
CUST_01945,1.0,Critical
CUST_01944,1.0,Critical
CUST_01943,1.0,Critical
CUST_01942,1.0,Critical
CUST_01940,1.0,Critical
CUST_01939,1.0,Critical
CUST_01937,1.0,Critical
CUST_01936,1.0,Critical
CUST_01932,1.0,Critical
CUST_01930,1.0,Critical
CUST_01928,1.0,Critical
CUST_01926,1.0,Critical
CUST_01923,1.0,Critical
CUST_01916,1.0,Critical
CUST_01888,1.0,Critical
CUST_01914,1.0,Critical
CUST_01913,1.0,Critical
CUST_01909,1.0,Critical
CUST_01908,1.0,Critical
CUST_01907,1.0,Critical
CUST_01904,1.0,Critical
CUST_01903,1.0,Critical
CUST_01900,1.0,Critical
CUST_01899,1.0,Critical
CUST_01898,1.0,Critical
CUST_01896,1.0,Critical
CUST_01894,1.0,Critical
CUST_01892,1.0,Critical
CUST_01890,1.0,Critical
CUST_01578,1.0,Critical
CUST_01577,1.0,Critical
CUST_01574,1.0,Critical
CUST_01262,1.0,Critical
CUST_01250,1.0,Critical
CUST_01251,1.0,Critical
CUST_01256,1.0,Critical
CUST_01257,1.0,Critical
CUST_01258,1.0,Critical
CUST_01261,1.0,Critical
CUST_01263,1.0,Critical
CUST_01573,1.0,Critical
CUST_01264,1.0,Critical
CUST_01265,1.0,Critical
CUST_01266,1.0,Critical
CUST_01268,1.0,Critical
CUST_01272,1.0,Critical
CUST_01274,1.0,Critical
CUST_01249,1.0,Critical
CUST_01248,1.0,Critical
CUST_01246,1.0,Critical
CUST_01240,1.0,Critical
CUST_01238,1.0,Critical
CUST_01237,1.0,Critical
CUST_01236,1.0,Critical
CUST_01233,1.0,Critical
CUST_01229,1.0,Critical
CUST_01228,1.0,Critical
CUST_01227,1.0,Critical
CUST_01225,1.0,Critical
CUST_01224,1.0,Critical
CUST_01223,1.0,Critical
CUST_01222,1.0,Critical
CUST_01221,1.0,Critical
CUST_01220,1.0,Critical
CUST_01276,1.0,Critical
CUST_01280,1.0,Critical
CUST_01284,1.0,Critical
CUST_01317,1.0,Critical
CUST_01340,1.0,Critical
CUST_01336,1.0,Critical
CUST_01335,1.0,Critical
CUST_01334,1.0,Critical
CUST_01333,1.0,Critical
CUST_01332,1.0,Critical
CUST_01330,1.0,Critical
CUST_01327,1.0,Critical
CUST_01326,1.0,Critical
CUST_01325,1.0,Critical
CUST_01322,1.0,Critical
CUST_01321,1.0,Critical
CUST_01319,1.0,Critical
CUST_01318,1.0,Critical
CUST_01312,1.0,Critical
CUST_01285,1.0,Critical
CUST_01311,1.0,Critical
CUST_01310,1.0,Critical
CUST_01308,1.0,Critical
CUST_01307,1.0,Critical
CUST_01306,1.0,Critical
CUST_01305,1.0,Critical
CUST_01304,1.0,Critical
CUST_01302,1.0,Critical
CUST_01301,1.0,Critical
CUST_01297,1.0,Critical
CUST_01296,1.0,Critical
CUST_01293,1.0,Critical
CUST_01291,1.0,Critical
CUST_01286,1.0,Critical
CUST_01219,1.0,Critical
CUST_01218,1.0,Critical
CUST_01215,1.0,Critical
CUST_01133,1.0,Critical
CUST_01154,1.0,Critical
CUST_01153,1.0,Critical
CUST_01150,1.0,Critical
CUST_01149,1.0,Critical
CUST_01148,1.0,Critical
CUST_01147,1.0,Critical
CUST_01146,1.0,Critical
CUST_01144,1.0,Critical
CUST_01143,1.0,Critical
CUST_01142,1.0,Critical
CUST_01140,1.0,Critical
CUST_01137,1.0,Critical
CUST_01135,1.0,Critical
CUST_01134,1.0,Critical
CUST_01132,1.0,Critical
CUST_01158,1.0,Critical
CUST_01131,1.0,Critical
CUST_01130,1.0,Critical
CUST_01128,1.0,Critical
CUST_01127,1.0,Critical
CUST_01124,1.0,Critical
CUST_01123,1.0,Critical
CUST_01117,1.0,Critical
CUST_01116,1.0,Critical
CUST_01115,1.0,Critical
CUST_01111,1.0,Critical
CUST_01110,1.0,Critical
CUST_01109,1.0,Critical
CUST_01108,1.0,Critical
CUST_01106,1.0,Critical
CUST_01157,1.0,Critical
CUST_01161,1.0,Critical
CUST_01214,1.0,Critical
CUST_01188,1.0,Critical
CUST_01211,1.0,Critical
CUST_01208,1.0,Critical
CUST_01207,1.0,Critical
CUST_01206,1.0,Critical
CUST_01205,1.0,Critical
CUST_01203,1.0,Critical
CUST_01202,1.0,Critical
CUST_01200,1.0,Critical
CUST_01199,1.0,Critical
CUST_01198,1.0,Critical
CUST_01197,1.0,Critical
CUST_01196,1.0,Critical
CUST_01194,1.0,Critical
CUST_01192,1.0,Critical
CUST_01187,1.0,Critical
CUST_01162,1.0,Critical
CUST_01182,1.0,Critical
CUST_01181,1.0,Critical
CUST_01179,1.0,Critical
CUST_01177,1.0,Critical
CUST_01175,1.0,Critical
CUST_01173,1.0,Critical
CUST_01172,1.0,Critical
CUST_01171,1.0,Critical
CUST_01170,1.0,Critical
CUST_01169,1.0,Critical
CUST_01168,1.0,Critical
CUST_01167,1.0,Critical
CUST_01165,1.0,Critical
CUST_01163,1.0,Critical
CUST_01342,1.0,Critical
CUST_01346,1.0,Critical
CUST_01347,1.0,Critical
CUST_01499,1.0,Critical
CUST_01516,1.0,Critical
CUST_01515,1.0,Critical
CUST_01514,1.0,Critical
CUST_01513,1.0,Critical
CUST_01511,1.0,Critical
CUST_01510,1.0,Critical
CUST_01509,1.0,Critical
CUST_01508,1.0,Critical
CUST_01507,1.0,Critical
CUST_01506,1.0,Critical
CUST_01505,1.0,Critical
CUST_01503,1.0,Critical
CUST_00002,1.0,Critical
CUST_01501,1.0,Critical
CUST_01496,1.0,Critical
CUST_01518,1.0,Critical
CUST_01493,1.0,Critical
CUST_01492,1.0,Critical
CUST_01488,1.0,Critical
CUST_01486,1.0,Critical
CUST_01485,1.0,Critical
CUST_01482,1.0,Critical
CUST_01479,1.0,Critical
CUST_01477,1.0,Critical
CUST_01475,1.0,Critical
CUST_01474,1.0,Critical
CUST_01470,1.0,Critical
CUST_01468,1.0,Critical
CUST_01466,1.0,Critical
CUST_01465,1.0,Critical
CUST_01517,1.0,Critical
CUST_01519,1.0,Critical
CUST_01463,1.0,Critical
CUST_01548,1.0,Critical
CUST_01572,1.0,Critical
CUST_01571,1.0,Critical
CUST_01569,1.0,Critical
CUST_01568,1.0,Critical
CUST_01567,1.0,Critical
CUST_01563,1.0,Critical
CUST_01562,1.0,Critical
CUST_01561,1.0,Critical
CUST_01557,1.0,Critical
CUST_01556,1.0,Critical
CUST_01555,1.0,Critical
CUST_01554,1.0,Critical
CUST_01552,1.0,Critical
CUST_01549,1.0,Critical
CUST_01546,1.0,Critical
CUST_01522,1.0,Critical
CUST_01545,1.0,Critical
CUST_01544,1.0,Critical
CUST_01543,1.0,Critical
CUST_01540,1.0,Critical
CUST_01539,1.0,Critical
CUST_01537,1.0,Critical
CUST_01535,1.0,Critical
CUST_01531,1.0,Critical
CUST_01530,1.0,Critical
CUST_01529,1.0,Critical
CUST_01528,1.0,Critical
CUST_01526,1.0,Critical
CUST_01524,1.0,Critical
CUST_01523,1.0,Critical
CUST_01464,1.0,Critical
CUST_01462,1.0,Critical
CUST_01348,1.0,Critical
CUST_01376,1.0,Critical
CUST_01394,1.0,Critical
CUST_01393,1.0,Critical
CUST_01392,1.0,Critical
CUST_01391,1.0,Critical
CUST_01390,1.0,Critical
CUST_01388,1.0,Critical
CUST_01387,1.0,Critical
CUST_01386,1.0,Critical
CUST_01385,1.0,Critical
CUST_01384,1.0,Critical
CUST_01382,1.0,Critical
CUST_01379,1.0,Critical
CUST_01378,1.0,Critical
CUST_01377,1.0,Critical
CUST_01375,1.0,Critical
CUST_01398,1.0,Critical
CUST_01374,1.0,Critical
CUST_01373,1.0,Critical
CUST_01372,1.0,Critical
CUST_01371,1.0,Critical
CUST_01367,1.0,Critical
CUST_01366,1.0,Critical
CUST_01364,1.0,Critical
CUST_01363,1.0,Critical
CUST_01359,1.0,Critical
CUST_01358,1.0,Critical
CUST_01355,1.0,Critical
CUST_01354,1.0,Critical
CUST_01353,1.0,Critical
CUST_01351,1.0,Critical
CUST_01396,1.0,Critical
CUST_01399,1.0,Critical
CUST_01459,1.0,Critical
CUST_01433,1.0,Critical
CUST_01458,1.0,Critical
CUST_01457,1.0,Critical
CUST_01456,1.0,Critical
CUST_01454,1.0,Critical
CUST_01453,1.0,Critical
CUST_01451,1.0,Critical
CUST_01450,1.0,Critical
CUST_01445,1.0,Critical
CUST_01443,1.0,Critical
CUST_01442,1.0,Critical
CUST_01440,1.0,Critical
CUST_01438,1.0,Critical
CUST_01435,1.0,Critical
CUST_01434,1.0,Critical
CUST_01429,1.0,Critical
CUST_01400,1.0,Critical
CUST_01428,1.0,Critical
CUST_01427,1.0,Critical
CUST_01424,1.0,Critical
CUST_01423,1.0,Critical
CUST_01422,1.0,Critical
CUST_01417,1.0,Critical
CUST_01414,1.0,Critical
CUST_01413,1.0,Critical
CUST_01411,1.0,Critical
CUST_01410,1.0,Critical
CUST_01409,1.0,Critical
CUST_01408,1.0,Critical
CUST_01406,1.0,Critical
CUST_01405,1.0,Critical
CUST_02063,1.0,Critical
CUST_02066,1.0,Critical
CUST_01103,1.0,Critical
CUST_02686,1.0,Critical
CUST_02677,1.0,Critical
CUST_02678,1.0,Critical
CUST_02681,1.0,Critical
CUST_02682,1.0,Critical
CUST_02683,1.0,Critical
CUST_02685,1.0,Critical
CUST_02688,1.0,Critical
CUST_02764,1.0,Critical
CUST_02690,1.0,Critical
CUST_02691,1.0,Critical
CUST_02693,1.0,Critical
CUST_02694,1.0,Critical
CUST_02697,1.0,Critical
CUST_02700,1.0,Critical
CUST_02676,1.0,Critical
CUST_02674,1.0,Critical
CUST_02673,1.0,Critical
CUST_02671,1.0,Critical
CUST_02670,1.0,Critical
CUST_02669,1.0,Critical
CUST_02668,1.0,Critical
CUST_02667,1.0,Critical
CUST_02666,1.0,Critical
CUST_02665,1.0,Critical
CUST_02664,1.0,Critical
CUST_02663,1.0,Critical
CUST_02662,1.0,Critical
CUST_02660,1.0,Critical
CUST_02659,1.0,Critical
CUST_02658,1.0,Critical
CUST_02656,1.0,Critical
CUST_02703,1.0,Critical
CUST_02705,1.0,Critical
CUST_02708,1.0,Critical
CUST_02738,1.0,Critical
CUST_02762,1.0,Critical
CUST_02760,1.0,Critical
CUST_02757,1.0,Critical
CUST_02756,1.0,Critical
CUST_02754,1.0,Critical
CUST_02753,1.0,Critical
CUST_02751,1.0,Critical
CUST_02749,1.0,Critical
CUST_02748,1.0,Critical
CUST_02747,1.0,Critical
CUST_02746,1.0,Critical
CUST_02745,1.0,Critical
CUST_02744,1.0,Critical
CUST_02742,1.0,Critical
CUST_02737,1.0,Critical
CUST_02711,1.0,Critical
CUST_02736,1.0,Critical
CUST_02734,1.0,Critical
CUST_02731,1.0,Critical
CUST_02729,1.0,Critical
CUST_02725,1.0,Critical
CUST_02724,1.0,Critical
CUST_02722,1.0,Critical
CUST_02721,1.0,Critical
CUST_02720,1.0,Critical
CUST_02718,1.0,Critical
CUST_02717,1.0,Critical
CUST_02716,1.0,Critical
CUST_02714,1.0,Critical
CUST_02713,1.0,Critical
CUST_02655,1.0,Critical
CUST_02654,1.0,Critical
CUST_02651,1.0,Critical
CUST_02560,1.0,Critical
CUST_02594,1.0,Critical
CUST_02593,1.0,Critical
CUST_02592,1.0,Critical
CUST_02587,1.0,Critical
CUST_02584,1.0,Critical
CUST_02583,1.0,Critical
CUST_02582,1.0,Critical
CUST_02575,1.0,Critical
CUST_02571,1.0,Critical
CUST_02569,1.0,Critical
CUST_02566,1.0,Critical
CUST_02565,1.0,Critical
CUST_02562,1.0,Critical
CUST_02561,1.0,Critical
CUST_02557,1.0,Critical
CUST_02597,1.0,Critical
CUST_02556,1.0,Critical
CUST_02555,1.0,Critical
CUST_02553,1.0,Critical
CUST_02552,1.0,Critical
CUST_02549,1.0,Critical
CUST_02546,1.0,Critical
CUST_02544,1.0,Critical
CUST_02542,1.0,Critical
CUST_02541,1.0,Critical
CUST_02540,1.0,Critical
CUST_02539,1.0,Critical
CUST_02538,1.0,Critical
CUST_02536,1.0,Critical
CUST_02535,1.0,Critical
CUST_02596,1.0,Critical
CUST_02599,1.0,Critical
CUST_02650,1.0,Critical
CUST_02631,1.0,Critical
CUST_02649,1.0,Critical
CUST_02648,1.0,Critical
CUST_02647,1.0,Critical
CUST_02645,1.0,Critical
CUST_02644,1.0,Critical
CUST_02643,1.0,Critical
CUST_02641,1.0,Critical
CUST_02640,1.0,Critical
CUST_02639,1.0,Critical
CUST_02637,1.0,Critical
CUST_02635,1.0,Critical
CUST_02634,1.0,Critical
CUST_02633,1.0,Critical
CUST_02632,1.0,Critical
CUST_02630,1.0,Critical
CUST_02600,1.0,Critical
CUST_02629,1.0,Critical
CUST_02624,1.0,Critical
CUST_02622,1.0,Critical
CUST_02620,1.0,Critical
CUST_02619,1.0,Critical
CUST_02618,1.0,Critical
CUST_02617,1.0,Critical
CUST_02616,1.0,Critical
CUST_02613,1.0,Critical
CUST_02610,1.0,Critical
CUST_02609,1.0,Critical
CUST_02607,1.0,Critical
CUST_02605,1.0,Critical
CUST_02603,1.0,Critical
CUST_02763,1.0,Critical
CUST_02768,1.0,Critical
CUST_02067,1.0,Critical
CUST_02929,1.0,Critical
CUST_02919,1.0,Critical
CUST_02920,1.0,Critical
CUST_02923,1.0,Critical
CUST_02924,1.0,Critical
CUST_02926,1.0,Critical
CUST_02928,1.0,Critical
CUST_02930,1.0,Critical
CUST_02769,1.0,Critical
CUST_02932,1.0,Critical
CUST_02933,1.0,Critical
CUST_02936,1.0,Critical
CUST_02937,1.0,Critical
CUST_02942,1.0,Critical
CUST_02943,1.0,Critical
CUST_02918,1.0,Critical
CUST_02916,1.0,Critical
CUST_02915,1.0,Critical
CUST_02914,1.0,Critical
CUST_02910,1.0,Critical
CUST_02908,1.0,Critical
CUST_02905,1.0,Critical
CUST_02902,1.0,Critical
CUST_02900,1.0,Critical
CUST_02898,1.0,Critical
CUST_02897,1.0,Critical
CUST_02896,1.0,Critical
CUST_02895,1.0,Critical
CUST_02894,1.0,Critical
CUST_02893,1.0,Critical
CUST_02892,1.0,Critical
CUST_02889,1.0,Critical
CUST_02944,1.0,Critical
CUST_02945,1.0,Critical
CUST_02946,1.0,Critical
CUST_02976,1.0,Critical
CUST_02998,1.0,Critical
CUST_02997,1.0,Critical
CUST_02995,1.0,Critical
CUST_02994,1.0,Critical
CUST_02991,1.0,Critical
CUST_02990,1.0,Critical
CUST_02988,1.0,Critical
CUST_02986,1.0,Critical
CUST_02984,1.0,Critical
CUST_02983,1.0,Critical
CUST_02982,1.0,Critical
CUST_02981,1.0,Critical
CUST_02980,1.0,Critical
CUST_02977,1.0,Critical
CUST_02974,1.0,Critical
CUST_02950,1.0,Critical
CUST_02972,1.0,Critical
CUST_02971,1.0,Critical
CUST_02970,1.0,Critical
CUST_02965,1.0,Critical
CUST_02964,1.0,Critical
CUST_02962,1.0,Critical
CUST_02960,1.0,Critical
CUST_02959,1.0,Critical
CUST_02958,1.0,Critical
CUST_02957,1.0,Critical
CUST_02955,1.0,Critical
CUST_02953,1.0,Critical
CUST_02952,1.0,Critical
CUST_02951,1.0,Critical
CUST_02888,1.0,Critical
CUST_02887,1.0,Critical
CUST_02886,1.0,Critical
CUST_02796,1.0,Critical
CUST_02825,1.0,Critical
CUST_02824,1.0,Critical
CUST_02823,1.0,Critical
CUST_02820,1.0,Critical
CUST_02818,1.0,Critical
CUST_02816,1.0,Critical
CUST_02814,1.0,Critical
CUST_02812,1.0,Critical
CUST_02811,1.0,Critical
CUST_02807,1.0,Critical
CUST_02805,1.0,Critical
CUST_02803,1.0,Critical
CUST_02800,1.0,Critical
CUST_02799,1.0,Critical
CUST_02794,1.0,Critical
CUST_02829,1.0,Critical
CUST_02792,1.0,Critical
CUST_02791,1.0,Critical
CUST_02790,1.0,Critical
CUST_02789,1.0,Critical
CUST_02788,1.0,Critical
CUST_02786,1.0,Critical
CUST_02784,1.0,Critical
CUST_02780,1.0,Critical
CUST_02779,1.0,Critical
CUST_02778,1.0,Critical
CUST_02777,1.0,Critical
CUST_02776,1.0,Critical
CUST_02775,1.0,Critical
CUST_02773,1.0,Critical
CUST_02826,1.0,Critical
CUST_02830,1.0,Critical
CUST_02885,1.0,Critical
CUST_02859,1.0,Critical
CUST_02883,1.0,Critical
CUST_02880,1.0,Critical
CUST_02877,1.0,Critical
CUST_02876,1.0,Critical
CUST_02875,1.0,Critical
CUST_02874,1.0,Critical
CUST_02872,1.0,Critical
CUST_02871,1.0,Critical
CUST_02870,1.0,Critical
CUST_02869,1.0,Critical
CUST_02868,1.0,Critical
CUST_02867,1.0,Critical
CUST_02866,1.0,Critical
CUST_02863,1.0,Critical
CUST_02858,1.0,Critical
CUST_02831,1.0,Critical
CUST_02856,1.0,Critical
CUST_02855,1.0,Critical
CUST_02854,1.0,Critical
CUST_02853,1.0,Critical
CUST_02852,1.0,Critical
CUST_02851,1.0,Critical
CUST_02848,1.0,Critical
CUST_02847,1.0,Critical
CUST_02842,1.0,Critical
CUST_02839,1.0,Critical
CUST_02837,1.0,Critical
CUST_02836,1.0,Critical
CUST_02834,1.0,Critical
CUST_02832,1.0,Critical
CUST_02532,1.0,Critical
CUST_02531,1.0,Critical
CUST_02530,1.0,Critical
CUST_02223,1.0,Critical
CUST_02214,1.0,Critical
CUST_02215,1.0,Critical
CUST_02217,1.0,Critical
CUST_02218,1.0,Critical
CUST_02219,1.0,Critical
CUST_02220,1.0,Critical
CUST_02224,1.0,Critical
CUST_02527,1.0,Critical
CUST_02226,1.0,Critical
CUST_02227,1.0,Critical
CUST_02228,1.0,Critical
CUST_02229,1.0,Critical
CUST_02231,1.0,Critical
CUST_02233,1.0,Critical
CUST_02213,1.0,Critical
CUST_02212,1.0,Critical
CUST_02211,1.0,Critical
CUST_02210,1.0,Critical
CUST_02209,1.0,Critical
CUST_02208,1.0,Critical
CUST_02206,1.0,Critical
CUST_02205,1.0,Critical
CUST_02202,1.0,Critical
CUST_02201,1.0,Critical
CUST_02200,1.0,Critical
CUST_02196,1.0,Critical
CUST_02194,1.0,Critical
CUST_02191,1.0,Critical
CUST_02190,1.0,Critical
CUST_02185,1.0,Critical
CUST_02183,1.0,Critical
CUST_02234,1.0,Critical
CUST_02235,1.0,Critical
CUST_02236,1.0,Critical
CUST_02259,1.0,Critical
CUST_02284,1.0,Critical
CUST_02282,1.0,Critical
CUST_02279,1.0,Critical
CUST_02277,1.0,Critical
CUST_02274,1.0,Critical
CUST_02272,1.0,Critical
CUST_02271,1.0,Critical
CUST_02269,1.0,Critical
CUST_02268,1.0,Critical
CUST_02266,1.0,Critical
CUST_02265,1.0,Critical
CUST_02264,1.0,Critical
CUST_02263,1.0,Critical
CUST_02261,1.0,Critical
CUST_02258,1.0,Critical
CUST_02237,1.0,Critical
CUST_02257,1.0,Critical
CUST_02254,1.0,Critical
CUST_02253,1.0,Critical
CUST_02252,1.0,Critical
CUST_02251,1.0,Critical
CUST_02250,1.0,Critical
CUST_02249,1.0,Critical
CUST_02247,1.0,Critical
CUST_02246,1.0,Critical
CUST_02245,1.0,Critical
CUST_02244,1.0,Critical
CUST_02242,1.0,Critical
CUST_02240,1.0,Critical
CUST_02238,1.0,Critical
CUST_02182,1.0,Critical
CUST_02181,1.0,Critical
CUST_02180,1.0,Critical
CUST_02091,1.0,Critical
CUST_02115,1.0,Critical
CUST_02114,1.0,Critical
CUST_02112,1.0,Critical
CUST_02111,1.0,Critical
CUST_02109,1.0,Critical
CUST_02108,1.0,Critical
CUST_02106,1.0,Critical
CUST_02105,1.0,Critical
CUST_02102,1.0,Critical
CUST_02100,1.0,Critical
CUST_02099,1.0,Critical
CUST_02097,1.0,Critical
CUST_02096,1.0,Critical
CUST_02094,1.0,Critical
CUST_02090,1.0,Critical
CUST_02120,1.0,Critical
CUST_02088,1.0,Critical
CUST_02087,1.0,Critical
CUST_02086,1.0,Critical
CUST_02085,1.0,Critical
CUST_02083,1.0,Critical
CUST_02081,1.0,Critical
CUST_02080,1.0,Critical
CUST_02079,1.0,Critical
CUST_02074,1.0,Critical
CUST_02073,1.0,Critical
CUST_02072,1.0,Critical
CUST_02071,1.0,Critical
CUST_02069,1.0,Critical
CUST_02068,1.0,Critical
CUST_02119,1.0,Critical
CUST_02121,1.0,Critical
CUST_02179,1.0,Critical
CUST_02151,1.0,Critical
CUST_02178,1.0,Critical
CUST_02177,1.0,Critical
CUST_02176,1.0,Critical
CUST_02172,1.0,Critical
CUST_02171,1.0,Critical
CUST_02170,1.0,Critical
CUST_02169,1.0,Critical
CUST_02166,1.0,Critical
CUST_02165,1.0,Critical
CUST_02164,1.0,Critical
CUST_02163,1.0,Critical
CUST_02159,1.0,Critical
CUST_02154,1.0,Critical
CUST_02153,1.0,Critical
CUST_02148,1.0,Critical
CUST_02122,1.0,Critical
CUST_02146,1.0,Critical
CUST_02145,1.0,Critical
CUST_02144,1.0,Critical
CUST_02142,1.0,Critical
CUST_02141,1.0,Critical
CUST_02140,1.0,Critical
CUST_02139,1.0,Critical
CUST_02136,1.0,Critical
CUST_02134,1.0,Critical
CUST_02133,1.0,Critical
CUST_02130,1.0,Critical
CUST_02128,1.0,Critical
CUST_02127,1.0,Critical
CUST_02123,1.0,Critical
CUST_02285,1.0,Critical
CUST_02288,1.0,Critical
CUST_02290,1.0,Critical
CUST_02436,1.0,Critical
CUST_02461,1.0,Critical
CUST_02460,1.0,Critical
CUST_02459,1.0,Critical
CUST_02454,1.0,Critical
CUST_02451,1.0,Critical
CUST_02450,1.0,Critical
CUST_02449,1.0,Critical
CUST_02448,1.0,Critical
CUST_02447,1.0,Critical
CUST_02446,1.0,Critical
CUST_02445,1.0,Critical
CUST_02444,1.0,Critical
CUST_02443,1.0,Critical
CUST_02437,1.0,Critical
CUST_02435,1.0,Critical
CUST_02463,1.0,Critical
CUST_02434,1.0,Critical
CUST_02431,1.0,Critical
CUST_02430,1.0,Critical
CUST_02427,1.0,Critical
CUST_02426,1.0,Critical
CUST_02424,1.0,Critical
CUST_02423,1.0,Critical
CUST_02420,1.0,Critical
CUST_02419,1.0,Critical
CUST_02418,1.0,Critical
CUST_02416,1.0,Critical
CUST_02414,1.0,Critical
CUST_02413,1.0,Critical
CUST_02412,1.0,Critical
CUST_02462,1.0,Critical
CUST_02466,1.0,Critical
CUST_02409,1.0,Critical
CUST_02494,1.0,Critical
CUST_02523,1.0,Critical
CUST_02521,1.0,Critical
CUST_02518,1.0,Critical
CUST_02517,1.0,Critical
CUST_02515,1.0,Critical
CUST_02514,1.0,Critical
CUST_02511,1.0,Critical
CUST_02510,1.0,Critical
CUST_02507,1.0,Critical
CUST_02506,1.0,Critical
CUST_02503,1.0,Critical
CUST_02500,1.0,Critical
CUST_02499,1.0,Critical
CUST_02496,1.0,Critical
CUST_02492,1.0,Critical
CUST_02467,1.0,Critical
CUST_02491,1.0,Critical
CUST_02490,1.0,Critical
CUST_02488,1.0,Critical
CUST_02486,1.0,Critical
CUST_02485,1.0,Critical
CUST_02484,1.0,Critical
CUST_02480,1.0,Critical
CUST_02478,1.0,Critical
CUST_02477,1.0,Critical
CUST_02475,1.0,Critical
CUST_02474,1.0,Critical
CUST_02472,1.0,Critical
CUST_02471,1.0,Critical
CUST_02470,1.0,Critical
CUST_02410,1.0,Critical
CUST_02405,1.0,Critical
CUST_02292,1.0,Critical
CUST_02319,1.0,Critical
CUST_02344,1.0,Critical
CUST_02343,1.0,Critical
CUST_02338,1.0,Critical
CUST_02337,1.0,Critical
CUST_02336,1.0,Critical
CUST_02333,1.0,Critical
CUST_02332,1.0,Critical
CUST_02331,1.0,Critical
CUST_02330,1.0,Critical
CUST_02329,1.0,Critical
CUST_02324,1.0,Critical
CUST_02323,1.0,Critical
CUST_02322,1.0,Critical
CUST_02321,1.0,Critical
CUST_02318,1.0,Critical
CUST_02349,1.0,Critical
CUST_02317,1.0,Critical
CUST_02316,1.0,Critical
CUST_02315,1.0,Critical
CUST_02314,1.0,Critical
CUST_02311,1.0,Critical
CUST_02308,1.0,Critical
CUST_02307,1.0,Critical
CUST_02305,1.0,Critical
CUST_02303,1.0,Critical
CUST_02301,1.0,Critical
CUST_02298,1.0,Critical
CUST_02296,1.0,Critical
CUST_02294,1.0,Critical
CUST_02293,1.0,Critical
CUST_02345,1.0,Critical
CUST_02350,1.0,Critical
CUST_02404,1.0,Critical
CUST_02380,1.0,Critical
CUST_02403,1.0,Critical
CUST_02400,1.0,Critical
CUST_02397,1.0,Critical
CUST_02396,1.0,Critical
CUST_02395,1.0,Critical
CUST_02394,1.0,Critical
CUST_02390,1.0,Critical
CUST_02388,1.0,Critical
CUST_02387,1.0,Critical
CUST_02386,1.0,Critical
CUST_02385,1.0,Critical
CUST_02384,1.0,Critical
CUST_02383,1.0,Critical
CUST_02382,1.0,Critical
CUST_02378,1.0,Critical
CUST_02355,1.0,Critical
CUST_02376,1.0,Critical
CUST_02375,1.0,Critical
CUST_02374,1.0,Critical
CUST_02371,1.0,Critical
CUST_02370,1.0,Critical
CUST_02369,1.0,Critical
CUST_02367,1.0,Critical
CUST_02365,1.0,Critical
CUST_02363,1.0,Critical
CUST_02361,1.0,Critical
CUST_02360,1.0,Critical
CUST_02359,1.0,Critical
CUST_02358,1.0,Critical
CUST_02356,1.0,Critical
CUST_01105,1.0,Critical
CUST_01502,1.0,Critical
CUST_01102,1.0,Critical
CUST_00595,1.0,Critical
CUST_00592,1.0,Critical
CUST_00591,1.0,Critical
CUST_00590,1.0,Critical
CUST_00588,1.0,Critical
CUST_00585,1.0,Critical
CUST_00583,1.0,Critical
CUST_00582,1.0,Critical
CUST_00581,1.0,Critical
CUST_00579,1.0,Critical
CUST_00578,1.0,Critical
CUST_00577,1.0,Critical
CUST_00575,1.0,Critical
CUST_00572,1.0,Critical
CUST_00570,1.0,Critical
CUST_00569,1.0,Critical
CUST_00566,1.0,Critical
CUST_00564,1.0,Critical
CUST_00563,1.0,Critical
CUST_00562,1.0,Critical
CUST_00561,1.0,Critical
CUST_00560,1.0,Critical
CUST_00557,1.0,Critical
CUST_00556,1.0,Critical
CUST_00555,1.0,Critical
CUST_00553,1.0,Critical
CUST_00594,1.0,Critical
CUST_00600,1.0,Critical
CUST_00549,1.0,Critical
CUST_00602,1.0,Critical
CUST_00651,1.0,Critical
CUST_00650,1.0,Critical
CUST_00649,1.0,Critical
CUST_00648,1.0,Critical
CUST_00646,1.0,Critical
CUST_00639,1.0,Critical
CUST_00635,1.0,Critical
CUST_00632,1.0,Critical
CUST_00628,1.0,Critical
CUST_00627,1.0,Critical
CUST_00622,1.0,Critical
CUST_00621,1.0,Critical
CUST_00620,1.0,Critical
CUST_00618,1.0,Critical
CUST_00617,1.0,Critical
CUST_00616,1.0,Critical
CUST_00615,1.0,Critical
CUST_00614,1.0,Critical
CUST_00613,1.0,Critical
CUST_00611,1.0,Critical
CUST_00609,1.0,Critical
CUST_00607,1.0,Critical
CUST_00606,1.0,Critical
CUST_00605,1.0,Critical
CUST_00603,1.0,Critical
CUST_00551,1.0,Critical
CUST_00547,1.0,Critical
CUST_00653,1.0,Critical
CUST_00494,1.0,Critical
CUST_00491,1.0,Critical
CUST_00489,1.0,Critical
CUST_00488,1.0,Critical
CUST_00487,1.0,Critical
CUST_00485,1.0,Critical
CUST_00484,1.0,Critical
CUST_00483,1.0,Critical
CUST_00482,1.0,Critical
CUST_00481,1.0,Critical
CUST_00480,1.0,Critical
CUST_00479,1.0,Critical
CUST_00478,1.0,Critical
CUST_00474,1.0,Critical
CUST_00473,1.0,Critical
CUST_00472,1.0,Critical
CUST_00469,1.0,Critical
CUST_00468,1.0,Critical
CUST_00465,1.0,Critical
CUST_00464,1.0,Critical
CUST_00462,1.0,Critical
CUST_00461,1.0,Critical
CUST_00457,1.0,Critical
CUST_00453,1.0,Critical
CUST_00450,1.0,Critical
CUST_00449,1.0,Critical
CUST_00492,1.0,Critical
CUST_00495,1.0,Critical
CUST_00546,1.0,Critical
CUST_00496,1.0,Critical
CUST_00545,1.0,Critical
CUST_00544,1.0,Critical
CUST_00543,1.0,Critical
CUST_00538,1.0,Critical
CUST_00537,1.0,Critical
CUST_00536,1.0,Critical
CUST_00535,1.0,Critical
CUST_00534,1.0,Critical
CUST_00533,1.0,Critical
CUST_00531,1.0,Critical
CUST_00530,1.0,Critical
CUST_00527,1.0,Critical
CUST_00526,1.0,Critical
CUST_00525,1.0,Critical
CUST_00520,1.0,Critical
CUST_00519,1.0,Critical
CUST_00511,1.0,Critical
CUST_00507,1.0,Critical
CUST_00506,1.0,Critical
CUST_00505,1.0,Critical
CUST_00504,1.0,Critical
CUST_00503,1.0,Critical
CUST_00502,1.0,Critical
CUST_00501,1.0,Critical
CUST_00500,1.0,Critical
CUST_00652,1.0,Critical
CUST_00654,1.0,Critical
CUST_00443,1.0,Critical
CUST_00786,1.0,Critical
CUST_00783,1.0,Critical
CUST_00781,1.0,Critical
CUST_00779,1.0,Critical
CUST_00775,1.0,Critical
CUST_00774,1.0,Critical
CUST_00773,1.0,Critical
CUST_00772,1.0,Critical
CUST_00771,1.0,Critical
CUST_00769,1.0,Critical
CUST_00768,1.0,Critical
CUST_00767,1.0,Critical
CUST_00766,1.0,Critical
CUST_00765,1.0,Critical
CUST_00763,1.0,Critical
CUST_00761,1.0,Critical
CUST_00760,1.0,Critical
CUST_00759,1.0,Critical
CUST_00757,1.0,Critical
CUST_00755,1.0,Critical
CUST_00753,1.0,Critical
CUST_00752,1.0,Critical
CUST_00750,1.0,Critical
CUST_00749,1.0,Critical
CUST_00748,1.0,Critical
CUST_00746,1.0,Critical
CUST_00785,1.0,Critical
CUST_00787,1.0,Critical
CUST_00744,1.0,Critical
CUST_00788,1.0,Critical
CUST_00827,1.0,Critical
CUST_00826,1.0,Critical
CUST_00825,1.0,Critical
CUST_00824,1.0,Critical
CUST_00822,1.0,Critical
CUST_00821,1.0,Critical
CUST_00819,1.0,Critical
CUST_00818,1.0,Critical
CUST_00817,1.0,Critical
CUST_00816,1.0,Critical
CUST_00815,1.0,Critical
CUST_00814,1.0,Critical
CUST_00813,1.0,Critical
CUST_00808,1.0,Critical
CUST_00807,1.0,Critical
CUST_00803,1.0,Critical
CUST_00801,1.0,Critical
CUST_00800,1.0,Critical
CUST_00799,1.0,Critical
CUST_00797,1.0,Critical
CUST_00796,1.0,Critical
CUST_00795,1.0,Critical
CUST_00793,1.0,Critical
CUST_00791,1.0,Critical
CUST_00790,1.0,Critical
CUST_00745,1.0,Critical
CUST_00743,1.0,Critical
CUST_00655,1.0,Critical
CUST_00700,1.0,Critical
CUST_00697,1.0,Critical
CUST_00696,1.0,Critical
CUST_00695,1.0,Critical
CUST_00694,1.0,Critical
CUST_00693,1.0,Critical
CUST_00691,1.0,Critical
CUST_00689,1.0,Critical
CUST_00687,1.0,Critical
CUST_00686,1.0,Critical
CUST_00685,1.0,Critical
CUST_00683,1.0,Critical
CUST_00682,1.0,Critical
CUST_00677,1.0,Critical
CUST_00676,1.0,Critical
CUST_00674,1.0,Critical
CUST_00673,1.0,Critical
CUST_00672,1.0,Critical
CUST_00669,1.0,Critical
CUST_00668,1.0,Critical
CUST_00666,1.0,Critical
CUST_00665,1.0,Critical
CUST_00664,1.0,Critical
CUST_00662,1.0,Critical
CUST_00661,1.0,Critical
CUST_00660,1.0,Critical
CUST_00699,1.0,Critical
CUST_00701,1.0,Critical
CUST_00742,1.0,Critical
CUST_00703,1.0,Critical
CUST_00740,1.0,Critical
CUST_00739,1.0,Critical
CUST_00735,1.0,Critical
CUST_00734,1.0,Critical
CUST_00731,1.0,Critical
CUST_00730,1.0,Critical
CUST_00729,1.0,Critical
CUST_00728,1.0,Critical
CUST_00727,1.0,Critical
CUST_00726,1.0,Critical
CUST_00725,1.0,Critical
CUST_00724,1.0,Critical
CUST_00723,1.0,Critical
CUST_00721,1.0,Critical
CUST_00720,1.0,Critical
CUST_00719,1.0,Critical
CUST_00716,1.0,Critical
CUST_00714,1.0,Critical
CUST_00713,1.0,Critical
CUST_00711,1.0,Critical
CUST_00710,1.0,Critical
CUST_00708,1.0,Critical
CUST_00707,1.0,Critical
CUST_00706,1.0,Critical
CUST_00705,1.0,Critical
CUST_00445,1.0,Critical
CUST_00441,1.0,Critical
CUST_00832,1.0,Critical
CUST_00170,1.0,Critical
CUST_00168,1.0,Critical
CUST_00167,1.0,Critical
CUST_00166,1.0,Critical
CUST_00165,1.0,Critical
CUST_00164,1.0,Critical
CUST_00163,1.0,Critical
CUST_00161,1.0,Critical
CUST_00159,1.0,Critical
CUST_00155,1.0,Critical
CUST_00153,1.0,Critical
CUST_00151,1.0,Critical
CUST_00148,1.0,Critical
CUST_00147,1.0,Critical
CUST_00144,1.0,Critical
CUST_00143,1.0,Critical
CUST_00142,1.0,Critical
CUST_00140,1.0,Critical
CUST_00139,1.0,Critical
CUST_00135,1.0,Critical
CUST_00134,1.0,Critical
CUST_00131,1.0,Critical
CUST_00128,1.0,Critical
CUST_00127,1.0,Critical
CUST_00125,1.0,Critical
CUST_00122,1.0,Critical
CUST_00169,1.0,Critical
CUST_00172,1.0,Critical
CUST_00119,1.0,Critical
CUST_00174,1.0,Critical
CUST_00233,1.0,Critical
CUST_00232,1.0,Critical
CUST_00231,1.0,Critical
CUST_00230,1.0,Critical
CUST_00223,1.0,Critical
CUST_00221,1.0,Critical
CUST_00219,1.0,Critical
CUST_00217,1.0,Critical
CUST_00213,1.0,Critical
CUST_00212,1.0,Critical
CUST_00211,1.0,Critical
CUST_00209,1.0,Critical
CUST_00203,1.0,Critical
CUST_00202,1.0,Critical
CUST_00201,1.0,Critical
CUST_00199,1.0,Critical
CUST_00195,1.0,Critical
CUST_00194,1.0,Critical
CUST_00192,1.0,Critical
CUST_00191,1.0,Critical
CUST_00189,1.0,Critical
CUST_00185,1.0,Critical
CUST_00183,1.0,Critical
CUST_00182,1.0,Critical
CUST_00180,1.0,Critical
CUST_00121,1.0,Critical
CUST_00116,1.0,Critical
CUST_00235,1.0,Critical
CUST_00051,1.0,Critical
CUST_00046,1.0,Critical
CUST_00045,1.0,Critical
CUST_00043,1.0,Critical
CUST_00042,1.0,Critical
CUST_00041,1.0,Critical
CUST_00037,1.0,Critical
CUST_00036,1.0,Critical
CUST_00035,1.0,Critical
CUST_00034,1.0,Critical
CUST_00033,1.0,Critical
CUST_00032,1.0,Critical
CUST_00031,1.0,Critical
CUST_00029,1.0,Critical
CUST_00026,1.0,Critical
CUST_00024,1.0,Critical
CUST_00023,1.0,Critical
CUST_00022,1.0,Critical
CUST_00020,1.0,Critical
CUST_00019,1.0,Critical
CUST_00015,1.0,Critical
CUST_00014,1.0,Critical
CUST_00013,1.0,Critical
CUST_00009,1.0,Critical
CUST_00007,1.0,Critical
CUST_00003,1.0,Critical
CUST_00047,1.0,Critical
CUST_00054,1.0,Critical
CUST_00115,1.0,Critical
CUST_00056,1.0,Critical
CUST_00114,1.0,Critical
CUST_00111,1.0,Critical
CUST_00108,1.0,Critical
CUST_00107,1.0,Critical
CUST_00106,1.0,Critical
CUST_00105,1.0,Critical
CUST_00103,1.0,Critical
CUST_00102,1.0,Critical
CUST_00096,1.0,Critical
CUST_00095,1.0,Critical
CUST_00094,1.0,Critical
CUST_00092,1.0,Critical
CUST_00091,1.0,Critical
CUST_00087,1.0,Critical
CUST_00085,1.0,Critical
CUST_00084,1.0,Critical
CUST_00083,1.0,Critical
CUST_00075,1.0,Critical
CUST_00074,1.0,Critical
CUST_00071,1.0,Critical
CUST_00069,1.0,Critical
CUST_00068,1.0,Critical
CUST_00059,1.0,Critical
CUST_00058,1.0,Critical
CUST_00057,1.0,Critical
CUST_00234,1.0,Critical
CUST_00238,1.0,Critical
CUST_00440,1.0,Critical
CUST_00386,1.0,Critical
CUST_00384,1.0,Critical
CUST_00383,1.0,Critical
CUST_00380,1.0,Critical
CUST_00378,1.0,Critical
CUST_00377,1.0,Critical
CUST_00376,1.0,Critical
CUST_00373,1.0,Critical
CUST_00372,1.0,Critical
CUST_00371,1.0,Critical
CUST_00370,1.0,Critical
CUST_00369,1.0,Critical
CUST_00366,1.0,Critical
CUST_00364,1.0,Critical
CUST_00362,1.0,Critical
CUST_00361,1.0,Critical
CUST_00358,1.0,Critical
CUST_00357,1.0,Critical
CUST_00356,1.0,Critical
CUST_00355,1.0,Critical
CUST_00354,1.0,Critical
CUST_00351,1.0,Critical
CUST_00348,1.0,Critical
CUST_00346,1.0,Critical
CUST_00344,1.0,Critical
CUST_00343,1.0,Critical
CUST_00385,1.0,Critical
CUST_00387,1.0,Critical
CUST_00339,1.0,Critical
CUST_00389,1.0,Critical
CUST_00439,1.0,Critical
CUST_00438,1.0,Critical
CUST_00435,1.0,Critical
CUST_00434,1.0,Critical
CUST_00433,1.0,Critical
CUST_00432,1.0,Critical
CUST_00431,1.0,Critical
CUST_00430,1.0,Critical
CUST_00428,1.0,Critical
CUST_00422,1.0,Critical
CUST_00421,1.0,Critical
CUST_00420,1.0,Critical
CUST_00413,1.0,Critical
CUST_00412,1.0,Critical
CUST_00407,1.0,Critical
CUST_00405,1.0,Critical
CUST_00401,1.0,Critical
CUST_00400,1.0,Critical
CUST_00398,1.0,Critical
CUST_00397,1.0,Critical
CUST_00396,1.0,Critical
CUST_00395,1.0,Critical
CUST_00392,1.0,Critical
CUST_00391,1.0,Critical
CUST_00390,1.0,Critical
CUST_00342,1.0,Critical
CUST_00337,1.0,Critical
CUST_00239,1.0,Critical
CUST_00282,1.0,Critical
CUST_00279,1.0,Critical
CUST_00276,1.0,Critical
CUST_00275,1.0,Critical
CUST_00274,1.0,Critical
CUST_00273,1.0,Critical
CUST_00269,1.0,Critical
CUST_00267,1.0,Critical
CUST_00266,1.0,Critical
CUST_00265,1.0,Critical
CUST_00262,1.0,Critical
CUST_00261,1.0,Critical
CUST_00258,1.0,Critical
CUST_00257,1.0,Critical
CUST_00256,1.0,Critical
CUST_00255,1.0,Critical
CUST_00254,1.0,Critical
CUST_00250,1.0,Critical
CUST_00249,1.0,Critical
CUST_00248,1.0,Critical
CUST_00247,1.0,Critical
CUST_00246,1.0,Critical
CUST_00245,1.0,Critical
CUST_00243,1.0,Critical
CUST_00242,1.0,Critical
CUST_00240,1.0,Critical
CUST_00280,1.0,Critical
CUST_00283,1.0,Critical
CUST_00334,1.0,Critical
CUST_00287,1.0,Critical
CUST_00332,1.0,Critical
CUST_00330,1.0,Critical
CUST_00328,1.0,Critical
CUST_00327,1.0,Critical
CUST_00325,1.0,Critical
CUST_00324,1.0,Critical
CUST_00320,1.0,Critical
CUST_00319,1.0,Critical
CUST_00318,1.0,Critical
CUST_00316,1.0,Critical
CUST_00314,1.0,Critical
CUST_00313,1.0,Critical
CUST_00312,1.0,Critical
CUST_00311,1.0,Critical
CUST_00310,1.0,Critical
CUST_00308,1.0,Critical
CUST_00307,1.0,Critical
CUST_00306,1.0,Critical
CUST_00304,1.0,Critical
CUST_00301,1.0,Critical
CUST_00299,1.0,Critical
CUST_00296,1.0,Critical
CUST_00294,1.0,Critical
CUST_00293,1.0,Critical
CUST_00290,1.0,Critical
CUST_00830,1.0,Critical
CUST_03000,1.0,Critical
CUST_00929,1.0,Critical
CUST_01051,1.0,Critical
CUST_00933,1.0,Critical
CUST_00934,1.0,Critical
CUST_00861,1.0,Critical
CUST_01052,1.0,Critical
CUST_00862,1.0,Critical
CUST_00963,1.0,Critical
CUST_00863,1.0,Critical
CUST_01079,1.0,Critical
CUST_00902,1.0,Critical
CUST_01000,1.0,Critical
CUST_01053,1.0,Critical
CUST_00961,1.0,Critical
CUST_00867,1.0,Critical
CUST_00900,1.0,Critical
CUST_00868,1.0,Critical
CUST_01077,1.0,Critical
CUST_00870,1.0,Critical
CUST_00871,1.0,Critical
CUST_00936,1.0,Critical
CUST_00964,1.0,Critical
CUST_00931,1.0,Critical
CUST_00972,1.0,Critical
CUST_00930,1.0,Critical
CUST_00925,1.0,Critical
CUST_01087,1.0,Critical
CUST_00851,1.0,Critical
CUST_01086,1.0,Critical
CUST_01048,1.0,Critical
CUST_00970,1.0,Critical
CUST_00969,1.0,Critical
CUST_01085,1.0,Critical
CUST_00967,1.0,Critical
CUST_01084,1.0,Critical
CUST_00854,1.0,Critical
CUST_01083,1.0,Critical
CUST_00966,1.0,Critical
CUST_00927,1.0,Critical
CUST_00997,1.0,Critical
CUST_00904,1.0,Critical
CUST_00857,1.0,Critical
CUST_01013,1.0,Critical
CUST_01082,1.0,Critical
CUST_01074,1.0,Critical
CUST_01002,1.0,Critical
CUST_00899,1.0,Critical
CUST_00939,1.0,Critical
CUST_01068,1.0,Critical
CUST_01015,1.0,Critical
CUST_00881,1.0,Critical
CUST_01059,1.0,Critical
CUST_00951,1.0,Critical
CUST_00882,1.0,Critical
CUST_00883,1.0,Critical
CUST_00944,1.0,Critical
CUST_01067,1.0,Critical
CUST_00950,1.0,Critical
CUST_01014,1.0,Critical
CUST_00948,1.0,Critical
CUST_01011,1.0,Critical
CUST_00885,1.0,Critical
CUST_00890,1.0,Critical
CUST_00886,1.0,Critical
CUST_00889,1.0,Critical
CUST_01061,1.0,Critical
CUST_01062,1.0,Critical
CUST_00892,1.0,Critical
CUST_00942,1.0,Critical
CUST_00893,1.0,Critical
CUST_00897,1.0,Critical
CUST_01003,1.0,Critical
CUST_01016,1.0,Critical
CUST_00873,1.0,Critical
CUST_00898,1.0,Critical
CUST_00940,1.0,Critical
CUST_00959,1.0,Critical
CUST_00957,1.0,Critical
CUST_00875,1.0,Critical
CUST_00876,1.0,Critical
CUST_01056,1.0,Critical
CUST_01005,1.0,Critical
CUST_01006,1.0,Critical
CUST_01007,1.0,Critical
CUST_00896,1.0,Critical
CUST_00955,1.0,Critical
CUST_00878,1.0,Critical
CUST_01070,1.0,Critical
CUST_00954,1.0,Critical
CUST_01047,1.0,Critical
CUST_01063,1.0,Critical
CUST_00990,1.0,Critical
CUST_01094,1.0,Critical
CUST_01045,1.0,Critical
CUST_00917,1.0,Critical
CUST_00834,1.0,Critical
CUST_00975,1.0,Critical
CUST_00987,1.0,Critical
CUST_00835,1.0,Critical
CUST_00922,1.0,Critical
CUST_00836,1.0,Critical
CUST_00988,1.0,Critical
CUST_00976,1.0,Critical
CUST_01033,1.0,Critical
CUST_01043,1.0,Critical
CUST_01091,1.0,Critical
CUST_00918,1.0,Critical
CUST_00845,1.0,Critical
CUST_01030,1.0,Critical
CUST_00844,1.0,Critical
CUST_01040,1.0,Critical
CUST_00979,1.0,Critical
CUST_00843,1.0,Critical
CUST_01099,1.0,Critical
CUST_01028,1.0,Critical
CUST_00837,1.0,Critical
CUST_00842,1.0,Critical
CUST_00908,1.0,Critical
CUST_01025,1.0,Critical
CUST_01026,1.0,Critical
CUST_00994,1.0,Critical
CUST_00981,1.0,Critical
CUST_01089,1.0,Critical
CUST_00840,1.0,Critical
CUST_00848,1.0,Critical
CUST_00995,1.0,Critical
CUST_01096,1.0,Critical
CUST_01032,1.0,Critical
CUST_00847,1.0,Critical
CUST_00983,1.0,Critical
CUST_00982,1.0,Critical
CUST_01037,1.0,Critical
CUST_00833,1.0,Critical
CUST_01095,1.0,Critical
CUST_00911,1.0,Critical
CUST_00924,1.0,Critical
CUST_00914,1.0,Critical
CUST_00977,1.0,Critical
CUST_01031,1.0,Critical
CUST_00980,1.0,Critical
CUST_01035,1.0,Critical
CUST_00850,1.0,Critical
CUST_00974,1.0,Critical
CUST_02533,0.0,Low
CUST_01243,0.0,Low
CUST_00272,0.0,Low
CUST_02534,0.0,Low
CUST_01242,0.0,Low
CUST_02614,0.0,Low
CUST_02615,0.0,Low
CUST_01241,0.0,Low
CUST_02537,0.0,Low
CUST_01034,0.0,Low
CUST_01216,0.0,Low
CUST_01244,0.0,Low
CUST_01245,0.0,Low
CUST_00277,0.0,Low
CUST_02529,0.0,Low
CUST_02508,0.0,Low
CUST_02509,0.0,Low
CUST_00286,0.0,Low
CUST_02627,0.0,Low
CUST_00285,0.0,Low
CUST_02512,0.0,Low
CUST_02626,0.0,Low
CUST_02513,0.0,Low
CUST_00284,0.0,Low
CUST_02625,0.0,Low
CUST_02516,0.0,Low
CUST_01247,0.0,Low
CUST_00281,0.0,Low
CUST_00227,0.0,Low
CUST_02519,0.0,Low
CUST_02623,0.0,Low
CUST_02520,0.0,Low
CUST_00228,0.0,Low
CUST_02621,0.0,Low
CUST_02522,0.0,Low
CUST_01217,0.0,Low
CUST_02524,0.0,Low
CUST_02526,0.0,Low
CUST_00278,0.0,Low
CUST_00229,0.0,Low
CUST_02528,0.0,Low
CUST_01213,0.0,Low
CUST_00271,0.0,Low
CUST_01022,0.0,Low
CUST_00270,0.0,Low
CUST_02559,0.0,Low
CUST_01234,0.0,Low
CUST_01020,0.0,Low
CUST_02563,0.0,Low
CUST_02564,0.0,Low
CUST_01232,0.0,Low
CUST_01231,0.0,Low
CUST_00244,0.0,Low
CUST_02567,0.0,Low
CUST_02568,0.0,Low
CUST_01230,0.0,Low
CUST_02570,0.0,Low
CUST_00252,0.0,Low
CUST_02572,0.0,Low
CUST_02573,0.0,Low
CUST_02590,0.0,Low
CUST_02589,0.0,Low
CUST_02588,0.0,Low
CUST_02574,0.0,Low
CUST_00251,0.0,Low
CUST_01226,0.0,Low
CUST_02576,0.0,Low
CUST_02586,0.0,Low
CUST_02577,0.0,Low
CUST_02578,0.0,Low
CUST_02579,0.0,Low
CUST_02580,0.0,Low
CUST_02581,0.0,Low
CUST_02585,0.0,Low
CUST_01024,0.0,Low
CUST_00259,0.0,Low
CUST_02558,0.0,Low
CUST_02612,0.0,Low
CUST_00260,0.0,Low
CUST_02611,0.0,Low
CUST_00236,0.0,Low
CUST_02608,0.0,Low
CUST_00237,0.0,Low
CUST_00268,0.0,Low
CUST_02606,0.0,Low
CUST_02543,0.0,Low
CUST_01239,0.0,Low
CUST_01021,0.0,Low
CUST_02604,0.0,Low
CUST_02545,0.0,Low
CUST_01017,0.0,Low
CUST_02547,0.0,Low
CUST_02548,0.0,Low
CUST_01018,0.0,Low
CUST_02550,0.0,Low
CUST_02602,0.0,Low
CUST_02551,0.0,Low
CUST_00264,0.0,Low
CUST_02601,0.0,Low
CUST_00263,0.0,Low
CUST_01029,0.0,Low
CUST_00241,0.0,Low
CUST_02598,0.0,Low
CUST_02554,0.0,Low
CUST_01027,0.0,Low
CUST_01019,0.0,Low
CUST_02595,0.0,Low
CUST_01235,0.0,Low
CUST_00831,0.0,Low
CUST_02473,0.0,Low
CUST_00288,0.0,Low
CUST_01283,0.0,Low
CUST_02393,0.0,Low
CUST_02392,0.0,Low
CUST_02391,0.0,Low
CUST_00353,0.0,Low
CUST_02389,0.0,Low
CUST_00996,0.0,Low
CUST_01287,0.0,Low
CUST_01288,0.0,Low
CUST_00359,0.0,Low
CUST_00360,0.0,Low
CUST_02381,0.0,Low
CUST_01290,0.0,Low
CUST_02379,0.0,Low
CUST_00993,0.0,Low
CUST_02377,0.0,Low
CUST_00363,0.0,Low
CUST_01292,0.0,Low
CUST_00352,0.0,Low
CUST_00350,0.0,Low
CUST_02505,0.0,Low
CUST_00349,0.0,Low
CUST_02415,0.0,Low
CUST_00340,0.0,Low
CUST_00341,0.0,Low
CUST_01278,0.0,Low
CUST_02411,0.0,Low
CUST_01279,0.0,Low
CUST_02408,0.0,Low
CUST_02407,0.0,Low
CUST_02406,0.0,Low
CUST_00345,0.0,Low
CUST_01281,0.0,Low
CUST_00347,0.0,Low
CUST_02402,0.0,Low
CUST_02401,0.0,Low
CUST_01282,0.0,Low
CUST_02399,0.0,Low
CUST_02398,0.0,Low
CUST_00365,0.0,Low
CUST_02373,0.0,Low
CUST_02372,0.0,Low
CUST_00992,0.0,Low
CUST_00379,0.0,Low
CUST_02348,0.0,Low
CUST_02347,0.0,Low
CUST_02346,0.0,Low
CUST_00381,0.0,Low
CUST_00382,0.0,Low
CUST_02342,0.0,Low
CUST_02341,0.0,Low
CUST_02340,0.0,Low
CUST_02339,0.0,Low
CUST_01303,0.0,Low
CUST_00986,0.0,Low
CUST_02335,0.0,Low
CUST_02334,0.0,Low
CUST_00985,0.0,Low
CUST_00984,0.0,Low
CUST_00388,0.0,Low
CUST_00989,0.0,Low
CUST_02351,0.0,Low
CUST_02352,0.0,Low
CUST_00991,0.0,Low
CUST_00367,0.0,Low
CUST_00368,0.0,Low
CUST_02368,0.0,Low
CUST_01294,0.0,Low
CUST_02366,0.0,Low
CUST_01295,0.0,Low
CUST_02364,0.0,Low
CUST_02362,0.0,Low
CUST_02353,0.0,Low
CUST_01298,0.0,Low
CUST_00374,0.0,Low
CUST_00375,0.0,Low
CUST_02357,0.0,Low
CUST_01299,0.0,Low
CUST_01300,0.0,Low
CUST_02354,0.0,Low
CUST_01277,0.0,Low
CUST_02417,0.0,Low
CUST_00338,0.0,Low
CUST_02465,0.0,Low
CUST_02483,0.0,Low
CUST_02482,0.0,Low
CUST_02481,0.0,Low
CUST_01255,0.0,Low
CUST_02479,0.0,Low
CUST_00302,0.0,Low
CUST_00303,0.0,Low
CUST_02476,0.0,Low
CUST_01010,0.0,Low
CUST_00305,0.0,Low
CUST_00226,0.0,Low
CUST_01009,0.0,Low
CUST_01008,0.0,Low
CUST_01259,0.0,Low
CUST_02469,0.0,Low
CUST_02468,0.0,Low
CUST_00309,0.0,Low
CUST_00300,0.0,Low
CUST_01254,0.0,Low
CUST_00298,0.0,Low
CUST_02497,0.0,Low
CUST_02504,0.0,Low
CUST_00289,0.0,Low
CUST_02502,0.0,Low
CUST_02501,0.0,Low
CUST_01012,0.0,Low
CUST_00291,0.0,Low
CUST_02498,0.0,Low
CUST_00292,0.0,Low
CUST_02487,0.0,Low
CUST_02495,0.0,Low
CUST_02493,0.0,Low
CUST_01252,0.0,Low
CUST_00295,0.0,Low
CUST_01253,0.0,Low
CUST_02489,0.0,Low
CUST_00297,0.0,Low
CUST_01260,0.0,Low
CUST_02464,0.0,Low
CUST_00998,0.0,Low
CUST_01004,0.0,Low
CUST_00326,0.0,Low
CUST_01271,0.0,Low
CUST_00329,0.0,Low
CUST_02433,0.0,Low
CUST_02432,0.0,Low
CUST_01273,0.0,Low
CUST_00331,0.0,Low
CUST_02429,0.0,Low
CUST_02428,0.0,Low
CUST_00999,0.0,Low
CUST_00333,0.0,Low
CUST_02425,0.0,Low
CUST_01275,0.0,Low
CUST_00335,0.0,Low
CUST_02422,0.0,Low
CUST_02421,0.0,Low
CUST_00336,0.0,Low
CUST_02438,0.0,Low
CUST_02439,0.0,Low
CUST_02440,0.0,Low
CUST_00317,0.0,Low
CUST_00315,0.0,Low
CUST_02458,0.0,Low
CUST_02457,0.0,Low
CUST_02456,0.0,Low
CUST_02455,0.0,Low
CUST_02453,0.0,Low
CUST_02452,0.0,Low
CUST_01267,0.0,Low
CUST_02441,0.0,Low
CUST_01001,0.0,Low
CUST_00321,0.0,Low
CUST_00322,0.0,Low
CUST_00323,0.0,Low
CUST_01269,0.0,Low
CUST_01270,0.0,Low
CUST_02442,0.0,Low
CUST_02628,0.0,Low
CUST_00197,0.0,Low
CUST_00225,0.0,Low
CUST_02873,0.0,Low
CUST_02881,0.0,Low
CUST_01081,0.0,Low
CUST_02879,0.0,Low
CUST_02878,0.0,Low
CUST_01141,0.0,Low
CUST_00076,0.0,Low
CUST_00077,0.0,Low
CUST_00078,0.0,Low
CUST_00079,0.0,Low
CUST_00112,0.0,Low
CUST_00080,0.0,Low
CUST_00081,0.0,Low
CUST_00082,0.0,Low
CUST_01080,0.0,Low
CUST_01078,0.0,Low
CUST_02865,0.0,Low
CUST_02864,0.0,Low
CUST_00086,0.0,Low
CUST_02882,0.0,Low
CUST_00073,0.0,Low
CUST_02884,0.0,Low
CUST_00072,0.0,Low
CUST_02904,0.0,Low
CUST_02903,0.0,Low
CUST_02901,0.0,Low
CUST_01136,0.0,Low
CUST_02899,0.0,Low
CUST_00060,0.0,Low
CUST_00061,0.0,Low
CUST_00062,0.0,Low
CUST_00064,0.0,Low
CUST_00065,0.0,Low
CUST_00066,0.0,Low
CUST_00067,0.0,Low
CUST_02891,0.0,Low
CUST_02890,0.0,Low
CUST_01138,0.0,Low
CUST_00070,0.0,Low
CUST_01139,0.0,Low
CUST_02862,0.0,Low
CUST_02861,0.0,Low
CUST_02860,0.0,Low
CUST_00099,0.0,Low
CUST_02835,0.0,Low
CUST_00101,0.0,Low
CUST_02833,0.0,Low
CUST_01151,0.0,Low
CUST_01152,0.0,Low
CUST_00104,0.0,Low
CUST_01072,0.0,Low
CUST_02828,0.0,Low
CUST_02827,0.0,Low
CUST_01155,0.0,Low
CUST_01156,0.0,Low
CUST_00109,0.0,Low
CUST_02822,0.0,Low
CUST_02821,0.0,Low
CUST_00110,0.0,Low
CUST_02819,0.0,Low
CUST_01069,0.0,Low
CUST_00100,0.0,Low
CUST_02838,0.0,Low
CUST_01145,0.0,Low
CUST_00098,0.0,Low
CUST_00088,0.0,Low
CUST_02857,0.0,Low
CUST_00089,0.0,Low
CUST_00090,0.0,Low
CUST_01076,0.0,Low
CUST_00093,0.0,Low
CUST_01075,0.0,Low
CUST_02850,0.0,Low
CUST_02849,0.0,Low
CUST_01073,0.0,Low
CUST_02846,0.0,Low
CUST_02845,0.0,Low
CUST_02844,0.0,Low
CUST_02843,0.0,Low
CUST_00097,0.0,Low
CUST_02841,0.0,Low
CUST_02840,0.0,Low
CUST_02906,0.0,Low
CUST_02907,0.0,Low
CUST_02909,0.0,Low
CUST_02978,0.0,Low
CUST_00017,0.0,Low
CUST_02975,0.0,Low
CUST_00018,0.0,Low
CUST_02973,0.0,Low
CUST_01112,0.0,Low
CUST_00021,0.0,Low
CUST_02969,0.0,Low
CUST_02968,0.0,Low
CUST_02967,0.0,Low
CUST_02966,0.0,Low
CUST_01113,0.0,Low
CUST_01114,0.0,Low
CUST_02963,0.0,Low
CUST_02961,0.0,Low
CUST_00025,0.0,Low
CUST_00027,0.0,Low
CUST_00028,0.0,Low
CUST_00016,0.0,Low
CUST_02979,0.0,Low
CUST_01093,0.0,Low
CUST_01097,0.0,Low
CUST_01101,0.0,Low
CUST_00004,0.0,Low
CUST_02996,0.0,Low
CUST_00005,0.0,Low
CUST_00006,0.0,Low
CUST_02993,0.0,Low
CUST_02992,0.0,Low
CUST_01100,0.0,Low
CUST_00008,0.0,Low
CUST_02989,0.0,Low
CUST_01107,0.0,Low
CUST_02987,0.0,Low
CUST_00010,0.0,Low
CUST_02985,0.0,Low
CUST_00011,0.0,Low
CUST_00012,0.0,Low
CUST_01098,0.0,Low
CUST_02956,0.0,Low
CUST_02954,0.0,Low
CUST_00055,0.0,Low
CUST_01126,0.0,Low
CUST_01090,0.0,Low
CUST_00044,0.0,Low
CUST_02927,0.0,Low
CUST_01129,0.0,Low
CUST_02925,0.0,Low
CUST_01088,0.0,Low
CUST_00048,0.0,Low
CUST_02922,0.0,Low
CUST_02921,0.0,Low
CUST_00049,0.0,Low
CUST_00050,0.0,Low
CUST_02917,0.0,Low
CUST_00052,0.0,Low
CUST_00053,0.0,Low
CUST_02913,0.0,Low
CUST_02912,0.0,Low
CUST_02911,0.0,Low
CUST_02931,0.0,Low
CUST_01125,0.0,Low
CUST_00030,0.0,Low
CUST_02934,0.0,Low
CUST_01118,0.0,Low
CUST_01119,0.0,Low
CUST_01120,0.0,Low
CUST_02949,0.0,Low
CUST_02948,0.0,Low
CUST_02947,0.0,Low
CUST_01121,0.0,Low
CUST_01122,0.0,Low
CUST_01092,0.0,Low
CUST_00038,0.0,Low
CUST_02941,0.0,Low
CUST_02940,0.0,Low
CUST_02939,0.0,Low
CUST_02938,0.0,Low
CUST_00039,0.0,Low
CUST_00040,0.0,Low
CUST_02935,0.0,Low
CUST_02817,0.0,Low
CUST_02815,0.0,Low
CUST_00224,0.0,Low
CUST_02689,0.0,Low
CUST_02698,0.0,Low
CUST_00176,0.0,Low
CUST_02696,0.0,Low
CUST_02695,0.0,Low
CUST_00177,0.0,Low
CUST_00178,0.0,Low
CUST_02692,0.0,Low
CUST_00179,0.0,Low
CUST_00181,0.0,Low
CUST_00113,0.0,Low
CUST_02687,0.0,Low
CUST_01193,0.0,Low
CUST_02684,0.0,Low
CUST_00184,0.0,Low
CUST_01195,0.0,Low
CUST_00186,0.0,Low
CUST_02680,0.0,Low
CUST_02679,0.0,Low
CUST_02699,0.0,Low
CUST_00175,0.0,Low
CUST_02701,0.0,Low
CUST_02702,0.0,Low
CUST_01184,0.0,Low
CUST_02719,0.0,Low
CUST_01185,0.0,Low
CUST_01186,0.0,Low
CUST_02715,0.0,Low
CUST_01049,0.0,Low
CUST_01189,0.0,Low
CUST_02712,0.0,Low
CUST_00171,0.0,Low
CUST_02710,0.0,Low
CUST_02709,0.0,Low
CUST_01190,0.0,Low
CUST_02707,0.0,Low
CUST_02706,0.0,Low
CUST_00173,0.0,Low
CUST_02704,0.0,Low
CUST_01191,0.0,Low
CUST_00187,0.0,Low
CUST_00188,0.0,Low
CUST_01046,0.0,Low
CUST_02652,0.0,Low
CUST_01039,0.0,Low
CUST_00210,0.0,Low
CUST_01038,0.0,Low
CUST_02646,0.0,Low
CUST_01036,0.0,Low
CUST_00214,0.0,Low
CUST_00215,0.0,Low
CUST_02642,0.0,Low
CUST_00216,0.0,Low
CUST_01209,0.0,Low
CUST_00218,0.0,Low
CUST_02638,0.0,Low
CUST_01210,0.0,Low
CUST_02636,0.0,Low
CUST_00220,0.0,Low
CUST_00222,0.0,Low
CUST_01212,0.0,Low
CUST_00208,0.0,Low
CUST_02653,0.0,Low
CUST_02675,0.0,Low
CUST_00207,0.0,Low
CUST_00190,0.0,Low
CUST_02672,0.0,Low
CUST_01044,0.0,Low
CUST_00193,0.0,Low
CUST_01042,0.0,Low
CUST_00196,0.0,Low
CUST_02328,0.0,Low
CUST_00198,0.0,Low
CUST_01201,0.0,Low
CUST_00200,0.0,Low
CUST_01041,0.0,Low
CUST_02661,0.0,Low
CUST_01204,0.0,Low
CUST_00204,0.0,Low
CUST_02657,0.0,Low
CUST_00205,0.0,Low
CUST_00206,0.0,Low
CUST_01183,0.0,Low
CUST_02723,0.0,Low
CUST_00162,0.0,Low
CUST_00123,0.0,Low
CUST_01164,0.0,Low
CUST_00126,0.0,Low
CUST_01064,0.0,Low
CUST_02787,0.0,Low
CUST_01166,0.0,Low
CUST_02785,0.0,Low
CUST_00129,0.0,Low
CUST_02783,0.0,Low
CUST_02782,0.0,Low
CUST_02781,0.0,Low
CUST_00130,0.0,Low
CUST_00132,0.0,Low
CUST_00133,0.0,Low
CUST_02774,0.0,Low
CUST_00136,0.0,Low
CUST_02772,0.0,Low
CUST_02771,0.0,Low
CUST_00124,0.0,Low
CUST_02793,0.0,Low
CUST_00137,0.0,Low
CUST_01065,0.0,Low
CUST_02813,0.0,Low
CUST_01159,0.0,Low
CUST_02810,0.0,Low
CUST_02809,0.0,Low
CUST_02808,0.0,Low
CUST_01160,0.0,Low
CUST_02806,0.0,Low
CUST_00117,0.0,Low
CUST_02804,0.0,Low
CUST_00118,0.0,Low
CUST_02802,0.0,Low
CUST_02801,0.0,Low
CUST_00120,0.0,Low
CUST_02798,0.0,Low
CUST_02797,0.0,Low
CUST_01066,0.0,Low
CUST_02795,0.0,Low
CUST_02770,0.0,Low
CUST_00138,0.0,Low
CUST_02726,0.0,Low
CUST_00152,0.0,Low
CUST_02743,0.0,Low
CUST_00154,0.0,Low
CUST_02741,0.0,Low
CUST_02740,0.0,Low
CUST_02739,0.0,Low
CUST_01054,0.0,Low
CUST_00156,0.0,Low
CUST_00157,0.0,Low
CUST_02735,0.0,Low
CUST_00158,0.0,Low
CUST_02733,0.0,Low
CUST_02732,0.0,Low
CUST_01180,0.0,Low
CUST_02730,0.0,Low
CUST_00160,0.0,Low
CUST_02728,0.0,Low
CUST_02727,0.0,Low
CUST_01178,0.0,Low
CUST_01055,0.0,Low
CUST_02767,0.0,Low
CUST_00150,0.0,Low
CUST_02766,0.0,Low
CUST_02765,0.0,Low
CUST_01060,0.0,Low
CUST_00141,0.0,Low
CUST_02761,0.0,Low
CUST_01058,0.0,Low
CUST_02759,0.0,Low
CUST_02758,0.0,Low
CUST_01057,0.0,Low
CUST_01174,0.0,Low
CUST_02755,0.0,Low
CUST_00145,0.0,Low
CUST_00146,0.0,Low
CUST_02752,0.0,Low
CUST_02750,0.0,Low
CUST_01176,0.0,Low
CUST_00149,0.0,Low
CUST_01309,0.0,Low
CUST_00414,0.0,Low
CUST_02327,0.0,Low
CUST_01833,0.0,Low
CUST_00684,0.0,Low
CUST_01471,0.0,Low
CUST_01472,0.0,Low
CUST_00688,0.0,Low
CUST_01825,0.0,Low
CUST_01473,0.0,Low
CUST_01823,0.0,Low
CUST_00690,0.0,Low
CUST_01821,0.0,Low
CUST_01820,0.0,Low
CUST_00888,0.0,Low
CUST_00692,0.0,Low
CUST_01817,0.0,Low
CUST_00887,0.0,Low
CUST_01815,0.0,Low
CUST_01476,0.0,Low
CUST_01812,0.0,Low
CUST_01469,0.0,Low
CUST_01834,0.0,Low
CUST_00698,0.0,Low
CUST_01835,0.0,Low
CUST_00894,0.0,Low
CUST_01853,0.0,Low
CUST_01851,0.0,Low
CUST_01850,0.0,Low
CUST_00675,0.0,Low
CUST_01847,0.0,Low
CUST_00891,0.0,Low
CUST_01845,0.0,Low
CUST_01467,0.0,Low
CUST_01843,0.0,Low
CUST_00678,0.0,Low
CUST_01841,0.0,Low
CUST_01840,0.0,Low
CUST_00679,0.0,Low
CUST_00680,0.0,Low
CUST_01837,0.0,Low
CUST_00681,0.0,Low
CUST_01478,0.0,Low
CUST_01808,0.0,Low
CUST_00670,0.0,Low
CUST_00715,0.0,Low
CUST_01782,0.0,Low
CUST_01781,0.0,Low
CUST_01780,0.0,Low
CUST_00717,0.0,Low
CUST_00718,0.0,Low
CUST_00879,0.0,Low
CUST_01494,0.0,Low
CUST_01774,0.0,Low
CUST_01495,0.0,Low
CUST_01772,0.0,Low
CUST_01771,0.0,Low
CUST_00722,0.0,Low
CUST_01497,0.0,Low
CUST_01767,0.0,Low
CUST_01766,0.0,Low
CUST_01498,0.0,Low
CUST_01764,0.0,Low
CUST_00880,0.0,Low
CUST_01491,0.0,Low
CUST_01480,0.0,Low
CUST_01786,0.0,Low
CUST_01806,0.0,Low
CUST_01481,0.0,Low
CUST_01804,0.0,Low
CUST_00884,0.0,Low
CUST_00702,0.0,Low
CUST_01483,0.0,Low
CUST_00704,0.0,Low
CUST_01484,0.0,Low
CUST_01798,0.0,Low
CUST_01487,0.0,Low
CUST_00709,0.0,Low
CUST_01793,0.0,Low
CUST_01489,0.0,Low
CUST_01790,0.0,Low
CUST_00712,0.0,Low
CUST_01788,0.0,Low
CUST_01490,0.0,Low
CUST_00671,0.0,Low
CUST_01857,0.0,Low
CUST_01948,0.0,Low
CUST_01927,0.0,Low
CUST_01925,0.0,Low
CUST_01924,0.0,Low
CUST_01444,0.0,Low
CUST_00636,0.0,Low
CUST_01921,0.0,Low
CUST_01920,0.0,Low
CUST_01919,0.0,Low
CUST_01918,0.0,Low
CUST_01917,0.0,Low
CUST_00637,0.0,Low
CUST_01915,0.0,Low
CUST_00638,0.0,Low
CUST_01912,0.0,Low
CUST_01911,0.0,Low
CUST_01910,0.0,Low
CUST_00640,0.0,Low
CUST_00641,0.0,Low
CUST_00634,0.0,Low
CUST_00633,0.0,Low
CUST_01905,0.0,Low
CUST_01929,0.0,Low
CUST_00907,0.0,Low
CUST_00623,0.0,Low
CUST_00624,0.0,Low
CUST_00625,0.0,Low
CUST_00626,0.0,Low
CUST_01941,0.0,Low
CUST_01441,0.0,Low
CUST_00906,0.0,Low
CUST_01938,0.0,Low
CUST_00629,0.0,Low
CUST_00630,0.0,Low
CUST_01935,0.0,Low
CUST_01934,0.0,Low
CUST_01933,0.0,Low
CUST_00631,0.0,Low
CUST_01931,0.0,Low
CUST_00905,0.0,Low
CUST_00642,0.0,Low
CUST_00643,0.0,Low
CUST_00895,0.0,Low
CUST_00656,0.0,Low
CUST_01879,0.0,Low
CUST_00657,0.0,Low
CUST_01877,0.0,Low
CUST_00659,0.0,Low
CUST_01875,0.0,Low
CUST_01455,0.0,Low
CUST_01872,0.0,Low
CUST_01871,0.0,Low
CUST_01870,0.0,Low
CUST_01868,0.0,Low
CUST_00663,0.0,Low
CUST_01866,0.0,Low
CUST_01864,0.0,Low
CUST_01862,0.0,Low
CUST_01861,0.0,Low
CUST_01460,0.0,Low
CUST_01461,0.0,Low
CUST_01880,0.0,Low
CUST_01883,0.0,Low
CUST_00644,0.0,Low
CUST_00901,0.0,Low
CUST_01902,0.0,Low
CUST_01901,0.0,Low
CUST_00645,0.0,Low
CUST_01446,0.0,Low
CUST_00647,0.0,Low
CUST_01897,0.0,Low
CUST_01447,0.0,Low
CUST_01895,0.0,Low
CUST_01448,0.0,Low
CUST_01893,0.0,Low
CUST_01449,0.0,Low
CUST_01891,0.0,Low
CUST_00903,0.0,Low
CUST_01889,0.0,Low
CUST_01887,0.0,Low
CUST_01452,0.0,Low
CUST_01885,0.0,Low
CUST_00877,0.0,Low
CUST_01500,0.0,Low
CUST_01761,0.0,Low
CUST_01641,0.0,Low
CUST_01639,0.0,Low
CUST_01638,0.0,Low
CUST_00846,0.0,Low
CUST_00794,0.0,Low
CUST_01547,0.0,Low
CUST_00798,0.0,Low
CUST_01630,0.0,Low
CUST_01629,0.0,Low
CUST_01550,0.0,Low
CUST_01626,0.0,Low
CUST_01625,0.0,Low
CUST_01624,0.0,Low
CUST_01623,0.0,Low
CUST_00802,0.0,Low
CUST_01621,0.0,Low
CUST_01620,0.0,Low
CUST_01619,0.0,Low
CUST_01640,0.0,Low
CUST_01642,0.0,Low
CUST_00804,0.0,Low
CUST_00792,0.0,Low
CUST_00780,0.0,Low
CUST_01536,0.0,Low
CUST_01661,0.0,Low
CUST_00782,0.0,Low
CUST_01659,0.0,Low
CUST_01657,0.0,Low
CUST_01656,0.0,Low
CUST_00784,0.0,Low
CUST_01538,0.0,Low
CUST_00849,0.0,Low
CUST_01541,0.0,Low
CUST_01650,0.0,Low
CUST_01649,0.0,Low
CUST_01648,0.0,Low
CUST_00789,0.0,Low
CUST_01542,0.0,Low
CUST_01645,0.0,Low
CUST_01551,0.0,Low
CUST_00805,0.0,Low
CUST_01759,0.0,Low
CUST_01558,0.0,Low
CUST_01559,0.0,Low
CUST_01590,0.0,Low
CUST_01560,0.0,Low
CUST_01588,0.0,Low
CUST_00820,0.0,Low
CUST_00823,0.0,Low
CUST_01583,0.0,Low
CUST_01581,0.0,Low
CUST_01580,0.0,Low
CUST_01579,0.0,Low
CUST_01564,0.0,Low
CUST_01565,0.0,Low
CUST_01576,0.0,Low
CUST_01575,0.0,Low
CUST_01566,0.0,Low
CUST_00828,0.0,Low
CUST_00829,0.0,Low
CUST_01592,0.0,Low
CUST_00838,0.0,Low
CUST_00806,0.0,Low
CUST_01596,0.0,Low
CUST_00841,0.0,Low
CUST_01553,0.0,Low
CUST_00809,0.0,Low
CUST_01611,0.0,Low
CUST_01610,0.0,Low
CUST_00810,0.0,Low
CUST_00811,0.0,Low
CUST_01607,0.0,Low
CUST_00812,0.0,Low
CUST_01605,0.0,Low
CUST_01604,0.0,Low
CUST_01602,0.0,Low
CUST_01601,0.0,Low
CUST_01600,0.0,Low
CUST_01599,0.0,Low
CUST_00839,0.0,Low
CUST_01597,0.0,Low
CUST_01664,0.0,Low
CUST_01666,0.0,Low
CUST_00778,0.0,Low
CUST_01735,0.0,Low
CUST_01733,0.0,Low
CUST_01731,0.0,Low
CUST_01729,0.0,Low
CUST_01512,0.0,Low
CUST_00866,0.0,Low
CUST_00747,0.0,Low
CUST_01725,0.0,Low
CUST_00865,0.0,Low
CUST_01723,0.0,Low
CUST_00864,0.0,Low
CUST_01721,0.0,Low
CUST_00751,0.0,Low
CUST_01717,0.0,Low
CUST_01716,0.0,Low
CUST_01714,0.0,Low
CUST_00754,0.0,Low
CUST_01712,0.0,Low
CUST_01734,0.0,Low
CUST_00869,0.0,Low
CUST_01668,0.0,Low
CUST_00741,0.0,Low
CUST_00874,0.0,Low
CUST_01756,0.0,Low
CUST_01504,0.0,Low
CUST_00732,0.0,Low
CUST_00733,0.0,Low
CUST_01752,0.0,Low
CUST_00872,0.0,Low
CUST_01749,0.0,Low
CUST_01748,0.0,Low
CUST_01747,0.0,Low
CUST_01746,0.0,Low
CUST_00736,0.0,Low
CUST_01744,0.0,Low
CUST_00737,0.0,Low
CUST_00738,0.0,Low
CUST_01741,0.0,Low
CUST_01738,0.0,Low
CUST_01711,0.0,Low
CUST_01710,0.0,Low
CUST_00860,0.0,Low
CUST_00756,0.0,Low
CUST_00856,0.0,Low
CUST_01527,0.0,Low
CUST_00855,0.0,Low
CUST_01683,0.0,Low
CUST_01682,0.0,Low
CUST_00770,0.0,Low
CUST_00853,0.0,Low
CUST_01678,0.0,Low
CUST_01677,0.0,Low
CUST_00852,0.0,Low
CUST_01675,0.0,Low
CUST_01532,0.0,Low
CUST_01533,0.0,Low
CUST_01534,0.0,Low
CUST_00776,0.0,Low
CUST_01670,0.0,Low
CUST_00777,0.0,Low
CUST_01687,0.0,Low
CUST_01525,0.0,Low
CUST_00764,0.0,Low
CUST_00859,0.0,Low
CUST_01520,0.0,Low
CUST_01706,0.0,Low
CUST_00758,0.0,Low
CUST_01521,0.0,Low
CUST_01703,0.0,Low
CUST_01702,0.0,Low
CUST_01701,0.0,Low
CUST_00858,0.0,Low
CUST_01690,0.0,Low
CUST_01698,0.0,Low
CUST_01697,0.0,Low
CUST_01696,0.0,Low
CUST_00762,0.0,Low
CUST_01694,0.0,Low
CUST_01693,0.0,Low
CUST_01691,0.0,Low
CUST_01439,0.0,Low
CUST_01949,0.0,Low
CUST_02326,0.0,Low
CUST_02207,0.0,Low
CUST_00470,0.0,Low
CUST_02204,0.0,Low
CUST_02203,0.0,Low
CUST_00471,0.0,Low
CUST_01349,0.0,Low
CUST_02199,0.0,Low
CUST_02198,0.0,Low
CUST_02197,0.0,Low
CUST_01350,0.0,Low
CUST_02195,0.0,Low
CUST_00475,0.0,Low
CUST_02193,0.0,Low
CUST_02192,0.0,Low
CUST_00476,0.0,Low
CUST_00477,0.0,Low
CUST_02189,0.0,Low
CUST_02188,0.0,Low
CUST_00962,0.0,Low
CUST_00467,0.0,Low
CUST_02186,0.0,Low
CUST_00466,0.0,Low
CUST_00452,0.0,Low
CUST_00965,0.0,Low
CUST_00454,0.0,Low
CUST_02225,0.0,Low
CUST_00455,0.0,Low
CUST_00456,0.0,Low
CUST_02222,0.0,Low
CUST_02221,0.0,Low
CUST_01341,0.0,Low
CUST_00458,0.0,Low
CUST_00459,0.0,Low
CUST_00460,0.0,Low
CUST_02216,0.0,Low
CUST_01343,0.0,Low
CUST_00463,0.0,Low
CUST_01344,0.0,Low
CUST_01345,0.0,Low
CUST_02187,0.0,Low
CUST_00960,0.0,Low
CUST_02230,0.0,Low
CUST_02160,0.0,Low
CUST_02158,0.0,Low
CUST_02157,0.0,Low
CUST_02156,0.0,Low
CUST_02155,0.0,Low
CUST_00497,0.0,Low
CUST_00498,0.0,Low
CUST_02152,0.0,Low
CUST_00499,0.0,Low
CUST_02150,0.0,Low
CUST_02149,0.0,Low
CUST_02147,0.0,Low
CUST_01368,0.0,Low
CUST_01369,0.0,Low
CUST_01370,0.0,Low
CUST_02143,0.0,Low
CUST_00949,0.0,Low
CUST_00947,0.0,Low
CUST_00952,0.0,Low
CUST_02161,0.0,Low
CUST_02184,0.0,Low
CUST_02162,0.0,Low
CUST_01352,0.0,Low
CUST_00958,0.0,Low
CUST_01356,0.0,Low
CUST_01357,0.0,Low
CUST_00956,0.0,Low
CUST_00486,0.0,Low
CUST_02175,0.0,Low
CUST_02174,0.0,Low
CUST_02173,0.0,Low
CUST_01360,0.0,Low
CUST_01361,0.0,Low
CUST_01362,0.0,Low
CUST_02168,0.0,Low
CUST_02167,0.0,Low
CUST_00493,0.0,Low
CUST_00953,0.0,Low
CUST_01365,0.0,Low
CUST_00451,0.0,Low
CUST_01339,0.0,Low
CUST_00619,0.0,Low
CUST_02302,0.0,Low
CUST_02300,0.0,Low
CUST_02299,0.0,Low
CUST_02297,0.0,Low
CUST_00408,0.0,Low
CUST_02295,0.0,Low
CUST_00409,0.0,Low
CUST_00410,0.0,Low
CUST_00411,0.0,Low
CUST_02291,0.0,Low
CUST_01320,0.0,Low
CUST_02289,0.0,Low
CUST_02287,0.0,Low
CUST_02286,0.0,Low
CUST_01570,0.0,Low
CUST_00415,0.0,Low
CUST_02283,0.0,Low
CUST_00416,0.0,Low
CUST_00406,0.0,Low
CUST_00978,0.0,Low
CUST_02280,0.0,Low
CUST_02304,0.0,Low
CUST_02325,0.0,Low
CUST_00393,0.0,Low
CUST_00394,0.0,Low
CUST_02320,0.0,Low
CUST_01313,0.0,Low
CUST_01314,0.0,Low
CUST_01315,0.0,Low
CUST_00399,0.0,Low
CUST_01316,0.0,Low
CUST_02313,0.0,Low
CUST_02312,0.0,Low
CUST_02310,0.0,Low
CUST_02309,0.0,Low
CUST_00402,0.0,Low
CUST_00403,0.0,Low
CUST_02306,0.0,Low
CUST_00404,0.0,Low
CUST_02281,0.0,Low
CUST_00417,0.0,Low
CUST_02232,0.0,Low
CUST_02255,0.0,Low
CUST_01329,0.0,Low
CUST_00971,0.0,Low
CUST_01331,0.0,Low
CUST_00436,0.0,Low
CUST_00437,0.0,Low
CUST_02248,0.0,Low
CUST_00968,0.0,Low
CUST_02243,0.0,Low
CUST_00442,0.0,Low
CUST_02241,0.0,Low
CUST_02239,0.0,Low
CUST_00444,0.0,Low
CUST_01337,0.0,Low
CUST_00446,0.0,Low
CUST_00447,0.0,Low
CUST_00448,0.0,Low
CUST_01338,0.0,Low
CUST_01328,0.0,Low
CUST_02256,0.0,Low
CUST_02278,0.0,Low
CUST_00973,0.0,Low
CUST_00418,0.0,Low
CUST_02276,0.0,Low
CUST_02275,0.0,Low
CUST_00419,0.0,Low
CUST_02273,0.0,Low
CUST_01323,0.0,Low
CUST_02270,0.0,Low
CUST_01324,0.0,Low
CUST_00423,0.0,Low
CUST_02267,0.0,Low
CUST_00424,0.0,Low
CUST_00425,0.0,Low
CUST_00426,0.0,Low
CUST_00427,0.0,Low
CUST_02262,0.0,Low
CUST_02260,0.0,Low
CUST_00429,0.0,Low
CUST_02138,0.0,Low
CUST_02137,0.0,Low
CUST_00508,0.0,Low
CUST_00584,0.0,Low
CUST_00586,0.0,Low
CUST_02013,0.0,Low
CUST_00587,0.0,Low
CUST_01418,0.0,Low
CUST_00589,0.0,Low
CUST_01419,0.0,Low
CUST_02008,0.0,Low
CUST_02006,0.0,Low
CUST_01420,0.0,Low
CUST_01421,0.0,Low
CUST_02003,0.0,Low
CUST_00593,0.0,Low
CUST_02000,0.0,Low
CUST_01999,0.0,Low
CUST_00916,0.0,Low
CUST_01997,0.0,Low
CUST_00596,0.0,Low
CUST_02015,0.0,Low
CUST_01415,0.0,Low
CUST_00598,0.0,Low
CUST_02019,0.0,Low
CUST_00571,0.0,Low
CUST_02037,0.0,Low
CUST_00573,0.0,Low
CUST_02034,0.0,Low
CUST_02033,0.0,Low
CUST_02032,0.0,Low
CUST_00574,0.0,Low
CUST_02030,0.0,Low
CUST_02029,0.0,Low
CUST_00923,0.0,Low
CUST_00576,0.0,Low
CUST_00921,0.0,Low
CUST_01412,0.0,Low
CUST_02023,0.0,Low
CUST_00580,0.0,Low
CUST_00920,0.0,Low
CUST_00919,0.0,Low
CUST_00597,0.0,Low
CUST_00599,0.0,Low
CUST_02135,0.0,Low
CUST_01971,0.0,Low
CUST_01969,0.0,Low
CUST_01967,0.0,Low
CUST_00910,0.0,Low
CUST_00909,0.0,Low
CUST_01964,0.0,Low
CUST_01963,0.0,Low
CUST_01962,0.0,Low
CUST_01961,0.0,Low
CUST_01960,0.0,Low
CUST_01959,0.0,Low
CUST_01958,0.0,Low
CUST_01957,0.0,Low
CUST_01436,0.0,Low
CUST_01437,0.0,Low
CUST_01954,0.0,Low
CUST_01953,0.0,Low
CUST_01952,0.0,Low
CUST_01970,0.0,Low
CUST_01972,0.0,Low
CUST_01992,0.0,Low
CUST_01973,0.0,Low
CUST_01991,0.0,Low
CUST_00915,0.0,Low
CUST_01989,0.0,Low
CUST_00601,0.0,Low
CUST_01425,0.0,Low
CUST_01426,0.0,Low
CUST_00604,0.0,Low
CUST_00913,0.0,Low
CUST_00912,0.0,Low
CUST_00608,0.0,Low
CUST_01430,0.0,Low
CUST_01979,0.0,Low
CUST_00610,0.0,Low
CUST_01431,0.0,Low
CUST_00612,0.0,Low
CUST_01975,0.0,Low
CUST_01432,0.0,Low
CUST_01407,0.0,Low
CUST_00568,0.0,Low
CUST_00567,0.0,Low
CUST_00945,0.0,Low
CUST_00521,0.0,Low
CUST_00522,0.0,Low
CUST_02110,0.0,Low
CUST_00523,0.0,Low
CUST_00524,0.0,Low
CUST_02107,0.0,Low
CUST_00943,0.0,Low
CUST_02104,0.0,Low
CUST_02103,0.0,Low
CUST_01380,0.0,Low
CUST_00528,0.0,Low
CUST_00529,0.0,Low
CUST_02098,0.0,Low
CUST_01381,0.0,Low
CUST_00941,0.0,Low
CUST_02095,0.0,Low
CUST_00532,0.0,Low
CUST_02113,0.0,Low
CUST_02116,0.0,Low
CUST_02043,0.0,Low
CUST_02117,0.0,Low
CUST_00509,0.0,Low
CUST_00510,0.0,Low
CUST_02132,0.0,Low
CUST_02131,0.0,Low
CUST_00946,0.0,Low
CUST_02129,0.0,Low
CUST_00512,0.0,Low
CUST_00513,0.0,Low
CUST_02126,0.0,Low
CUST_02125,0.0,Low
CUST_02124,0.0,Low
CUST_00514,0.0,Low
CUST_00515,0.0,Low
CUST_00516,0.0,Low
CUST_00517,0.0,Low
CUST_00518,0.0,Low
CUST_02118,0.0,Low
CUST_02093,0.0,Low
CUST_02092,0.0,Low
CUST_01383,0.0,Low
CUST_02089,0.0,Low
CUST_00552,0.0,Low
CUST_02062,0.0,Low
CUST_00554,0.0,Low
CUST_01397,0.0,Low
CUST_02058,0.0,Low
CUST_00928,0.0,Low
CUST_00558,0.0,Low
CUST_02054,0.0,Low
CUST_00559,0.0,Low
CUST_01104,0.0,Low
CUST_01401,0.0,Low
CUST_01402,0.0,Low
CUST_01403,0.0,Low
CUST_02047,0.0,Low
CUST_01404,0.0,Low
CUST_00565,0.0,Low
CUST_00926,0.0,Low
CUST_02064,0.0,Low
CUST_01395,0.0,Low
CUST_00550,0.0,Low
CUST_00542,0.0,Low
CUST_00938,0.0,Low
CUST_00937,0.0,Low
CUST_02084,0.0,Low
CUST_00539,0.0,Low
CUST_02082,0.0,Low
CUST_00540,0.0,Low
CUST_00541,0.0,Low
CUST_02078,0.0,Low
CUST_00548,0.0,Low
CUST_02077,0.0,Low
CUST_02076,0.0,Low
CUST_02075,0.0,Low
CUST_01389,0.0,Low
CUST_00935,0.0,Low
CUST_02070,0.0,Low
CUST_00932,0.0,Low
CUST_02052,0.0,Low
